tweetid,sentiment
169760,-1
35326,0
224985,1
476263,0
872928,0
75639,-1
211536,0
569434,0
315368,-1
591733,0
91983,0
67249,0
143459,0
663535,0
20476,0
815297,0
274098,1
30045,0
681487,0
708966,2
393689,0
186705,0
233977,0
525794,1
863649,0
315964,0
588985,0
669979,0
137059,2
556915,0
951973,0
72939,1
205796,0
478581,0
453375,0
555551,1
219030,0
546209,2
416919,0
433824,0
621526,2
616108,0
70943,0
153248,0
854719,0
616444,1
118418,1
846132,-1
443106,0
758958,0
376412,0
667731,0
222107,0
349545,0
284026,0
564727,0
522979,1
460970,0
371750,0
251299,0
485211,1
502976,0
623282,0
217605,0
225330,-1
58854,0
723671,0
366409,0
704565,0
655925,0
717618,1
922449,2
729885,0
599133,0
89885,0
249039,0
440750,1
18663,0
314549,2
643414,0
61835,0
659073,1
178597,1
152298,0
581943,0
781913,0
336886,0
624852,0
655116,1
5591,0
731620,0
872882,-1
320393,1
353463,0
816508,2
636325,0
53058,2
725589,0
693559,0
66255,0
218797,0
307092,0
188557,0
137392,-1
597086,0
96006,0
330509,0
78639,2
536231,1
304814,1
553696,0
455898,0
745466,2
846719,2
722710,0
989172,0
492079,0
315869,-1
32675,0
959684,0
641938,0
933443,0
458401,0
554994,-1
461467,0
902353,0
178794,0
387356,0
380276,0
824355,0
685606,0
85488,1
50608,0
447977,0
943930,0
183083,1
359626,0
810128,1
380913,0
516209,1
993538,0
594772,1
22428,2
991876,0
504172,0
283272,1
914599,-1
752129,0
701957,0
858489,1
221704,0
409406,0
468372,0
818509,1
204729,1
394896,0
397593,0
465474,0
450344,2
502719,1
816499,1
291002,1
301225,0
402773,0
81233,0
642569,1
900041,1
67900,-1
237131,1
311030,0
975455,0
69232,0
156024,0
268543,0
586693,1
709157,1
582003,0
689136,0
953619,0
971710,0
809619,0
595597,0
274499,0
771063,0
597739,0
110053,0
723442,0
881554,0
704923,0
822018,0
505322,0
120776,-1
404757,1
811053,0
317696,1
734766,1
841196,-1
400682,0
649511,0
740566,-1
798359,0
861578,0
5417,0
609894,0
174874,2
227482,0
316886,1
112798,0
44507,-1
444423,0
878768,0
951095,0
970445,0
208227,0
545402,0
498559,0
454769,2
490905,1
343981,0
891649,0
794296,2
669149,0
104997,0
54711,0
756770,0
632633,0
882503,1
604089,0
37591,0
304290,0
167356,0
398680,1
268980,0
485450,0
246743,1
83632,0
804653,0
614272,1
699619,0
128361,2
617614,0
756863,0
550624,0
971913,0
597102,0
468901,1
512603,0
869,0
135515,0
471002,-1
76054,0
835455,0
593722,1
209903,0
311687,0
38624,1
140169,0
50739,1
134179,0
368885,0
955073,0
642519,0
849811,0
377434,0
61946,0
128149,1
545779,2
145812,1
839220,0
23630,0
631635,0
659284,0
636800,0
246233,0
224961,2
227170,0
24500,0
444613,1
173797,1
183700,1
305251,2
487336,0
521403,0
741971,1
171732,1
354162,2
572875,0
337961,0
39327,0
666488,0
686787,0
248289,0
644357,2
106812,0
492300,0
929522,0
827492,0
92888,0
748860,1
544547,1
970736,0
805808,0
320551,0
210944,1
109631,0
251292,0
170364,0
948426,0
780776,0
693604,1
799998,0
373943,0
593149,0
264289,0
479344,0
820909,1
492817,0
831733,1
405413,1
685176,0
982870,1
92655,0
929710,1
365298,1
597644,0
908494,0
532450,1
431470,0
261786,1
126953,0
157454,2
911863,2
968491,0
341684,0
868000,0
937870,2
196243,0
749947,0
10201,0
861465,0
418775,0
561942,1
61831,0
224428,0
470738,-1
694377,0
557591,1
504856,1
988980,0
811937,0
78955,1
166783,0
2520,0
268418,0
911873,2
380946,0
841067,0
760341,0
872864,0
833511,0
795400,0
947288,0
97754,0
848402,0
77036,0
280663,0
654324,0
105628,0
227665,0
169839,0
334216,0
502105,-1
174279,0
193681,0
457324,0
562231,0
254480,0
432635,0
916814,0
217862,0
454694,1
512554,0
249736,-1
979904,0
841942,0
141852,0
279014,2
511552,0
502057,0
822243,0
586976,2
870627,1
809260,0
258979,0
342572,1
833715,2
63205,-1
327,1
286773,2
831328,0
265516,-1
988076,2
92963,1
813089,0
372840,0
460869,0
700900,1
54421,0
83811,1
932229,1
14731,0
416245,0
91717,0
37782,0
168950,0
791767,0
612474,1
863569,1
833620,0
831050,0
327186,2
70954,0
744906,0
410805,0
321290,0
560166,0
199999,0
520958,0
486093,0
433768,0
170942,1
97769,0
574580,0
427983,0
536786,0
64572,0
932658,1
875904,1
388184,0
448406,0
280094,0
196585,0
297123,1
583405,0
749358,0
8540,0
92130,0
682459,0
493774,1
81514,0
937131,0
683822,0
181932,0
185061,0
718905,0
467768,0
50360,1
37282,-1
324725,0
587613,0
759085,0
995304,0
62430,0
959472,0
134816,0
443799,0
84144,0
626595,0
382192,0
249680,0
209100,0
505060,0
510212,0
454150,0
900706,0
355447,0
415557,1
431394,1
796461,0
551013,0
71926,0
260753,0
883406,0
973790,0
673020,0
573493,0
850799,1
596499,0
430720,0
970612,0
645141,-1
122672,0
572212,0
590281,0
185082,-1
643999,1
276142,0
522428,0
242869,0
859835,0
179238,0
830861,0
659715,0
742214,0
44768,0
156753,0
689726,1
659825,0
805236,0
484743,0
843791,1
401342,1
268165,0
450971,0
969588,2
493909,0
775367,1
102955,0
356595,0
860992,0
478186,0
235851,0
859554,0
383555,0
568803,-1
522415,0
493050,1
568528,0
371027,0
554560,0
969599,0
70097,1
898167,1
483103,0
773089,1
436540,0
214657,0
824653,2
132616,1
962166,1
357327,1
183595,1
338190,0
821753,0
782634,0
355771,1
102889,0
335544,2
417438,0
99418,0
774033,0
151834,0
573075,0
675187,0
488287,0
317596,0
848773,-1
177318,-1
743728,0
166017,0
668192,0
242646,1
572824,0
516374,0
569974,0
368987,0
35989,0
439267,0
425036,0
978741,0
161511,-1
158819,1
225262,1
398562,0
940439,0
657384,0
348631,-1
950221,-1
390207,0
633050,0
45603,1
892219,0
763551,0
219247,0
78219,0
106376,-1
664990,1
61204,0
444521,2
162744,1
10394,0
107336,0
400960,0
157258,0
762553,0
398197,0
513701,0
450710,0
192494,0
376697,0
466375,0
600809,0
337306,1
597597,0
282282,-1
619747,0
848426,0
468720,0
954154,0
544640,0
192358,0
768797,0
817583,0
864589,0
104220,1
725297,0
973859,1
942269,0
145192,0
965827,0
861437,0
296887,0
817495,0
273994,0
799474,0
177872,0
532392,0
770417,0
706812,0
193396,0
863034,-1
967152,0
948038,0
608126,0
412897,0
970466,0
604868,2
94532,0
820173,0
833762,0
604371,0
961064,0
419528,0
79982,0
564369,0
489017,1
887262,0
402712,0
963864,0
854765,-1
331759,1
26332,0
238943,0
431614,0
329434,1
680680,0
39578,0
670432,-1
371166,0
686203,0
118985,0
263823,0
275604,-1
390449,0
553573,0
159171,0
172630,1
867879,0
555667,-1
107607,-1
671813,0
29467,-1
424298,0
247885,-1
66440,0
794065,0
383354,0
73974,0
597362,0
873587,0
755011,0
736998,0
117248,0
692018,0
813376,1
834684,2
546314,1
876985,0
207998,1
110340,0
715656,0
88611,0
716533,1
269830,0
661339,0
96822,0
101833,0
548873,0
432375,1
963943,0
105738,1
814952,0
933283,1
476266,0
713154,0
729178,0
739461,-1
46459,0
564711,1
9295,0
89381,0
997108,2
434160,0
632113,0
349480,1
981685,0
891296,0
795819,0
22856,2
176472,1
760306,2
364909,0
593804,1
307467,0
610642,0
129662,0
569359,2
561862,0
423167,0
840583,1
683275,0
190548,1
958471,0
740052,0
631040,0
976028,1
990527,0
58802,0
406698,0
166458,1
758638,0
864544,0
937863,0
839640,0
43118,0
554437,0
24114,0
594987,1
2994,0
983985,1
738824,0
578675,1
246789,0
459925,1
723464,0
939557,0
962770,0
432283,0
295172,0
354011,0
917171,0
368282,0
799357,1
218943,0
354686,2
180377,0
979574,0
457365,0
855074,0
527673,0
785117,0
973760,0
928581,0
56229,0
489025,0
43190,0
563462,1
972585,0
593576,1
327139,0
615819,1
538945,0
967095,0
993681,1
568295,0
969003,0
644408,0
956047,0
525657,0
56665,1
617655,2
838447,0
931195,-1
577981,2
870874,1
480174,0
695290,0
645362,0
475332,0
78586,0
792010,0
600177,0
579760,1
733217,0
130633,0
246139,0
83570,2
233932,0
65704,0
720328,1
182815,0
992508,0
582996,0
712952,1
217793,0
960416,1
387077,0
62147,-1
158157,0
16196,0
211659,1
368185,0
681044,0
368951,0
200078,0
947641,0
591630,0
60500,-1
257401,1
478713,0
735450,0
633125,0
610055,1
632978,2
365076,2
875539,0
758419,0
709088,0
768261,0
209509,0
127305,0
121053,1
19558,-1
801712,0
837454,0
541857,0
11629,0
10359,0
66175,1
23284,2
211731,0
32828,0
300306,0
798465,0
429350,0
96211,0
287991,0
580986,1
782530,1
446353,0
404665,1
971456,1
503290,0
675704,1
225076,0
593471,0
481167,0
161297,0
270003,-1
411180,2
271499,-1
672109,0
602150,0
575468,0
181408,0
161726,1
977902,0
788232,0
725006,1
722658,-1
600224,0
793349,0
451620,0
424135,-1
88627,1
806009,-1
192064,0
685562,0
284646,0
715307,0
883501,0
842439,0
33587,1
730304,0
87268,0
494947,0
557924,0
351002,0
361958,0
624214,0
513910,0
506543,0
778056,0
357156,1
370081,1
880261,0
509403,0
580774,1
837095,2
560337,0
132783,0
304998,0
819879,0
849455,0
346200,0
625746,0
677462,1
107732,1
277516,0
119700,0
219147,0
773453,0
813113,0
121431,1
258442,0
15784,0
491379,0
767093,0
508244,1
711697,0
78517,0
592053,0
723025,0
310230,0
751878,0
617843,0
265859,0
410288,0
708448,0
254072,0
791956,0
515974,0
972791,1
330960,0
126876,0
316154,1
179087,1
586916,0
70846,0
752225,1
404604,1
836527,0
678059,-1
333311,0
74980,0
477908,1
506657,0
980875,0
805679,0
193548,1
818493,0
625918,0
215713,1
126166,0
709380,0
570628,0
898663,0
103967,0
934788,0
327499,0
953095,1
592527,0
488806,0
531595,0
899135,0
661210,2
311285,0
956537,0
536614,2
518252,0
101697,0
136250,0
571656,0
614530,0
506382,0
990558,0
414640,0
757228,0
741160,1
80801,0
14077,0
44115,0
782491,0
141116,0
758470,0
111565,0
108937,0
333960,0
495632,0
855633,1
387274,0
944823,0
676644,0
674904,0
706197,0
751823,2
534701,1
776680,2
856934,-1
838992,1
73072,1
592976,0
120301,0
477557,0
331101,0
587789,0
106773,2
714124,1
772086,0
656418,0
372287,1
481477,0
938734,2
922926,0
339447,0
325978,0
42066,0
382638,0
16052,1
450371,1
450653,0
299753,0
643564,0
975417,0
890333,0
759258,1
82004,2
187640,0
790339,1
760264,0
34404,0
387284,2
111495,-1
263613,0
811478,1
615025,0
709431,0
815398,0
429819,0
55201,0
918786,2
505250,0
811168,0
616510,0
810332,0
778191,0
644140,0
614087,0
350693,0
224411,0
187760,0
673695,0
624957,-1
682615,0
674916,0
404402,1
53072,0
48112,1
785837,0
184816,0
230210,-1
915999,0
376465,0
194186,0
106745,1
992715,0
274295,0
841614,0
855159,0
369248,0
400854,0
232119,1
770087,0
61801,0
582837,0
696188,1
710747,0
943396,0
943553,1
957958,0
170910,0
680524,0
565587,0
749902,2
748072,1
937512,0
130999,-1
342929,0
406526,0
281624,0
111021,1
898463,1
920547,1
300268,2
6377,1
150851,2
836682,0
975094,0
303263,1
469044,2
826563,0
879918,1
803773,2
535044,0
129239,-1
123544,0
955118,0
763466,0
302824,1
970253,0
536636,0
225644,1
901410,0
976357,-1
276425,2
698782,1
476182,0
560795,0
734099,0
874279,0
528799,1
844516,0
42001,0
729333,0
910929,0
436637,0
539943,1
158515,2
913083,0
196246,0
312900,0
247152,1
621919,1
72893,0
989727,0
828411,0
231642,0
294532,1
322655,2
238643,0
226893,1
22945,0
667052,0
330901,0
893735,1
844155,2
598545,1
792602,0
81394,0
79720,1
450891,0
689110,0
603282,0
151774,0
427833,-1
514030,1
450842,0
663940,0
289537,0
93580,0
999485,0
16012,0
602434,2
128526,0
567878,0
311040,1
397558,0
659249,0
732039,0
257083,0
653366,-1
764741,0
240417,0
941193,0
249928,0
355194,2
466127,0
986184,0
194736,0
193995,0
630191,0
467505,0
385475,0
537515,0
689188,0
629787,0
125791,0
873126,1
634159,0
5824,-1
626130,-1
710596,-1
739055,0
584269,0
930286,1
803604,0
902313,0
365571,1
418391,0
260874,-1
53754,1
406691,0
958946,0
135258,0
349414,0
988959,0
954431,0
985836,0
698510,0
509363,0
625498,0
896827,1
393734,0
326465,1
856169,0
404748,0
330862,0
455496,0
571982,-1
298506,0
98423,1
660483,0
219919,0
967026,0
640859,0
574291,1
673739,0
490703,1
811513,0
357267,0
366205,1
47116,0
41555,0
666135,0
997640,0
381416,2
168327,0
492253,0
422735,0
667117,0
202823,1
10908,0
366599,0
394665,0
734589,0
210821,1
191243,0
435686,0
7931,0
331666,0
998608,1
598170,1
981822,0
349039,-1
131708,0
440962,0
719287,0
866736,0
793383,0
486705,1
206701,0
812095,2
813429,0
300273,1
246003,1
357693,0
127689,1
554542,0
713892,0
855661,0
413022,0
204680,0
865502,1
70808,0
542694,0
521642,0
90760,0
599952,0
116224,0
781730,1
222272,0
520111,1
470642,1
241795,0
585620,0
969978,0
800466,0
665096,1
59084,-1
813349,0
312981,1
965523,-1
921337,0
791417,0
472174,1
514550,0
418510,0
344814,0
555242,0
603943,0
996818,1
518736,1
194144,0
548422,0
781735,1
90786,1
3051,0
402995,0
224269,0
891634,0
661409,-1
776823,0
773037,2
716592,2
709740,1
230435,0
105775,0
277235,1
323839,0
485009,0
991522,0
421384,1
407930,0
499185,0
634042,0
281534,0
29564,0
777475,0
73475,0
924278,2
945887,0
133825,0
750622,0
340947,0
477970,1
841038,0
331429,-1
861934,2
117689,0
231985,0
452498,0
147151,-1
402278,0
515529,0
816064,0
320416,-1
674363,0
45153,0
294203,2
69149,1
892557,0
714218,0
374533,0
799765,0
406896,0
493645,0
77622,0
351139,0
598383,2
437099,0
811260,0
289021,0
411748,0
834122,0
531633,0
138830,0
855031,0
621398,0
591179,0
665535,0
625048,2
395927,0
819363,0
226513,0
230277,2
217668,0
646356,0
585846,-1
320140,0
7769,0
128883,0
930716,0
52091,0
865029,0
678269,0
646896,0
151820,1
126071,0
390635,0
846830,0
903429,0
552575,0
51238,1
398685,1
442076,0
245264,1
1847,0
800950,0
236737,0
371083,0
288557,0
645411,0
582358,0
105065,0
105707,0
487304,0
966654,0
367823,0
649275,0
29185,2
172119,0
685650,0
173254,0
287735,0
97811,1
838235,2
254835,0
318905,0
259043,2
381017,1
649757,0
529954,1
663529,0
423720,0
22777,1
766694,0
166583,0
282634,0
353764,-1
461317,0
31680,0
998009,0
491318,0
970330,0
476860,2
415960,0
937064,0
935085,1
863837,0
166987,0
65621,1
486600,0
389265,0
151202,1
906908,1
98725,0
741135,0
184479,1
364623,0
289083,0
101465,1
877671,0
414975,0
819137,0
162715,1
889367,1
682050,0
468148,0
276721,0
809015,0
82904,0
629958,1
282539,0
576641,0
721032,0
985863,2
351847,1
102182,1
432256,1
810959,-1
339263,0
426325,-1
634147,1
43694,0
693219,0
840612,0
292313,0
459823,0
458700,0
886294,0
72399,1
838493,0
239467,0
966716,1
88590,0
270660,0
612857,0
481502,0
953534,0
399293,2
325715,1
412226,0
817566,0
610516,0
921902,0
279576,0
164195,0
233989,2
650411,0
531313,0
4333,0
643985,0
556079,0
362728,0
619584,0
498930,0
711047,0
280183,1
710884,0
669728,1
873903,0
133051,0
580652,1
122184,0
297918,0
443350,0
942345,0
487311,1
624290,-1
462841,0
682584,0
86801,0
614098,0
71036,0
603798,0
539219,0
571734,1
891254,0
16967,1
366465,1
468888,-1
755956,0
854237,0
929586,0
972465,0
47414,0
237511,0
473045,1
719760,2
3380,0
915945,-1
746072,2
793658,0
718346,0
991582,0
186975,0
544544,0
598757,-1
352182,0
799769,0
285144,1
406272,2
92988,0
36673,0
558989,0
261633,0
239960,1
938879,-1
638143,0
162574,0
78388,1
966667,0
865944,0
972181,2
946851,1
214800,1
728032,1
600651,0
728584,0
706681,0
589739,0
450581,1
47561,1
401905,0
800981,0
589183,0
222534,0
357670,0
923142,0
497636,0
443455,0
730705,0
830855,1
255556,1
961712,0
589379,0
956735,1
216207,0
650019,0
606200,0
753836,0
847322,0
273226,1
83629,1
226734,0
788872,0
870974,2
591870,1
568912,2
789519,0
731488,0
244090,0
735125,0
764484,0
646717,1
31157,0
152232,0
414280,1
587546,0
821756,0
373215,1
826764,0
733307,0
596788,1
57392,0
761256,0
586312,0
93389,0
93917,1
73551,0
165581,-1
156791,0
823794,1
63392,0
182207,0
829750,0
101290,0
639078,1
960964,0
884242,0
333194,0
180605,0
724302,1
464585,0
857134,0
289751,0
746574,0
5343,0
477522,2
446879,0
546541,0
732463,0
380608,0
336640,-1
52477,0
194507,1
538733,1
622382,1
758067,-1
969245,-1
6204,1
360927,0
733862,0
254831,-1
312789,1
683632,0
698155,0
581241,-1
685887,0
495618,0
98564,0
422534,1
378882,0
175872,0
135908,0
840249,0
37433,0
231996,0
573211,0
703385,0
11101,0
819890,1
572492,0
120502,0
146930,0
913546,0
808868,1
383788,0
629338,0
429250,0
327253,0
233323,0
754966,0
5107,0
285700,0
997597,0
605325,0
181468,0
921776,1
131890,0
727491,1
407368,0
720318,1
521215,0
699505,0
260605,0
4496,0
162556,0
283270,0
631070,0
343853,0
195609,0
729294,0
342029,0
31305,0
974349,0
827385,1
110637,1
330981,1
716213,0
673772,1
533976,0
467243,0
671317,0
232183,0
489015,1
356158,-1
988748,0
240002,1
873392,1
345670,1
356761,1
530584,1
177001,0
525148,0
347083,-1
784269,0
420686,2
918830,0
550616,0
696228,0
861731,0
677852,1
591361,0
962050,1
76649,0
832328,0
239449,-1
467995,0
467450,1
127162,0
477381,1
58715,0
701473,0
893061,2
335217,0
909071,0
471885,2
164325,1
875446,0
366749,0
625267,0
805316,0
779520,1
967449,0
39093,0
306078,0
983065,2
106475,0
380508,0
236562,1
589848,0
741895,0
204042,0
238985,1
468940,0
467571,0
86934,-1
650045,0
334396,2
308397,1
435631,2
206312,0
565453,0
250852,0
511144,0
985030,0
5045,0
962371,0
179695,0
571674,0
708517,1
949891,0
451267,1
463572,0
527910,0
446310,0
105414,0
18138,1
653784,0
331838,0
650762,0
826394,0
164947,0
871573,0
737732,0
78892,0
950200,1
484870,0
382863,0
155451,1
361880,1
625561,0
675442,2
113514,0
19397,1
718093,0
428411,0
908602,1
595852,0
866548,1
516734,0
203690,0
457889,0
42699,0
564817,0
519244,0
634222,0
851947,0
925224,1
776585,-1
603969,0
848121,-1
745737,1
706675,1
891427,0
311901,0
190297,1
782363,0
44291,0
370428,0
899174,1
144125,1
422237,0
554582,0
242199,0
232219,1
224076,0
945898,0
564911,0
343688,0
371908,0
627574,2
180485,0
249763,0
651375,2
660951,1
657758,-1
237867,0
782819,0
791928,0
294609,0
850390,0
396547,1
142830,0
250983,1
443938,0
831490,0
418267,0
860398,0
763872,0
574726,0
142336,2
213055,2
455829,0
656699,-1
171902,0
350128,0
714025,0
17420,0
44772,-1
643168,0
704610,2
820523,1
37607,0
680087,2
509948,1
938423,1
476346,0
617648,2
659939,0
510346,0
106516,0
187412,0
530662,0
969059,0
233113,0
881485,0
396578,1
722776,0
69263,0
783056,0
29053,0
45878,1
845042,2
78628,2
899274,1
485857,2
914284,0
590949,0
286808,0
449133,1
145375,0
769261,0
769524,2
968896,0
313839,2
775822,0
293312,0
495182,0
896063,0
2325,0
795486,0
135329,0
885345,0
703319,0
595781,0
243128,0
589175,0
473007,0
145261,1
942956,0
524966,0
713766,2
440834,2
94839,0
730063,0
120270,0
73612,0
432813,0
317254,0
149855,0
588233,1
860852,0
762132,1
694699,0
357323,0
617071,0
909332,0
460019,1
175290,0
845224,1
77234,0
337929,0
846396,1
515567,0
365305,0
410068,0
123198,0
287376,1
799250,0
744900,0
505135,2
380314,1
272452,0
164506,0
825234,0
959388,0
502275,0
663775,0
515364,0
29777,0
857998,0
930993,0
225367,0
299046,1
54060,0
153537,0
77959,0
238755,0
913486,1
14443,0
604691,0
56693,0
397430,0
292158,0
263045,0
686702,2
111969,1
575864,1
592714,0
788130,1
283215,0
463455,0
84395,0
111750,0
930512,0
582792,1
172215,1
856082,1
788739,0
509947,0
407486,1
93916,0
49777,0
794018,0
448173,1
461282,0
44346,1
505510,0
782839,2
104045,0
568580,1
758553,0
53400,2
441214,0
953386,0
143711,0
120075,0
215972,1
439116,1
186431,0
593449,0
607278,0
582945,1
922510,1
767792,0
795952,0
944860,1
444063,0
865922,0
752668,0
977914,0
252208,0
772954,0
254837,0
237616,0
371131,0
343754,0
449316,0
185570,0
47008,0
19133,0
375376,0
578099,0
763558,2
162367,0
690491,0
698617,0
620254,0
217118,1
232363,0
816170,1
449825,0
672636,0
179091,0
231038,-1
291804,0
710495,0
553086,0
323962,0
581600,0
704427,1
438734,2
209379,0
415615,0
284806,1
310499,1
346116,0
771257,0
129670,1
532461,0
847765,0
541807,0
151102,1
301061,0
920481,0
223008,0
804457,0
577544,0
724299,0
615253,0
414925,0
905949,0
633508,1
270235,-1
560973,-1
337725,0
307063,1
248899,0
693471,0
32083,0
581827,0
447640,-1
862171,-1
263238,0
177423,0
556777,0
814230,2
34166,0
355856,0
961882,0
762704,0
602494,-1
34702,0
715552,0
355679,0
854686,0
171389,0
820375,-1
752605,0
923279,0
150302,0
444048,0
772347,1
707363,0
43036,1
31741,1
902354,0
732442,-1
691266,0
115042,0
522188,1
815935,1
621337,0
933944,0
545889,0
639168,0
655821,0
217577,0
988338,0
310934,0
384173,0
850427,0
614699,0
146362,0
58112,0
466658,1
798525,0
569963,1
434900,0
51794,0
373733,-1
78426,0
591624,0
376278,0
881145,0
423932,2
154517,0
809256,0
592760,1
326267,0
557614,1
657699,1
792471,0
687325,0
184414,0
160393,0
846792,0
615738,0
988164,0
487047,2
469101,0
804088,0
981726,1
661325,2
395935,0
404054,0
336290,0
458596,2
721106,1
837210,0
370613,0
123115,0
306643,1
666144,0
108718,1
319332,0
579193,0
358166,1
141738,1
260609,0
581967,0
132595,1
488092,1
392202,0
315476,0
205530,0
659291,0
436218,0
90685,0
142415,0
24934,0
409382,0
920431,0
796763,0
845251,0
388243,0
604797,0
152641,0
248936,0
938144,0
424611,0
329124,0
665784,0
640825,0
163428,0
556966,0
462236,2
940585,0
836959,1
203375,1
254557,1
980954,0
24797,0
281199,0
574766,0
887404,0
291525,0
649648,1
753473,0
305074,0
328063,0
567452,0
195871,0
540520,0
875626,0
672918,0
17142,1
644643,0
558196,0
718420,0
941514,0
142228,0
114046,0
201727,0
432369,0
387738,0
199691,0
180304,0
673181,0
146042,0
558321,0
486158,0
656852,0
746973,0
443873,2
946854,0
206666,0
329798,0
494754,0
964787,0
992585,1
626550,0
338140,1
86710,0
880166,0
461185,-1
840127,0
909823,0
347835,0
41851,0
429019,1
822696,0
398282,0
939362,1
44160,0
193712,0
628281,0
489292,0
616565,0
347410,0
17963,0
76228,0
601837,0
569634,-1
57381,0
120440,0
34596,0
28256,0
499154,-1
352917,2
642374,0
597069,0
830957,1
317312,2
827075,1
588394,0
706639,1
182537,0
16854,1
443398,-1
434602,1
554528,-1
30214,1
171137,0
875060,0
961114,0
246680,2
244205,0
552594,0
726305,1
354750,-1
71830,0
345645,0
212044,0
200267,0
942846,0
174493,0
333002,0
146187,1
793908,-1
496143,0
966647,0
323,0
803875,0
402047,1
534219,0
703000,0
671584,0
559320,0
188050,0
887516,-1
645866,1
466328,1
415728,1
503003,0
298164,0
633000,0
512067,0
235641,0
343381,0
733240,0
136832,0
389026,0
852347,0
25002,0
294027,1
648266,0
810469,0
224435,0
952397,0
12004,1
185013,0
486832,0
86045,0
133514,0
799864,0
781356,1
866735,1
788791,0
907298,0
930620,0
580848,1
438124,1
400009,0
956741,0
748695,0
831576,0
683218,0
531715,0
555874,0
672398,0
293081,1
506419,0
776853,0
857439,1
860763,1
169809,0
410150,0
776743,0
830459,0
612043,0
247011,0
404518,0
997644,1
111741,0
921727,0
921922,1
349946,0
632649,2
10315,1
448017,0
561814,1
88851,0
317861,0
419424,0
185650,0
931895,0
893553,0
159886,0
48509,0
697646,-1
260134,0
958366,1
497671,0
890683,0
219061,0
50736,0
742031,0
431195,0
159717,0
641424,0
423512,0
229137,1
798844,0
693406,0
371036,0
211835,0
757133,0
937342,1
977747,2
333823,0
669775,0
260295,0
677043,0
477036,0
194820,1
833593,0
737103,1
838487,0
14362,0
433532,0
375715,0
274541,0
115978,1
905000,0
343053,0
168437,0
794305,0
149132,0
255482,0
786652,0
18795,0
261144,0
2575,0
477704,0
645226,0
613988,0
141972,2
863542,0
922667,2
419431,1
960388,0
853322,0
622813,0
785330,0
810188,1
53815,2
818404,0
747464,0
754308,1
128943,0
996229,1
964585,1
959469,0
354761,0
102989,0
67926,0
122021,0
549342,2
446441,0
196355,2
589487,0
70611,0
683684,0
978725,0
13287,0
809747,0
838185,0
647188,-1
616174,0
754798,1
620739,1
644772,1
96841,0
818549,1
24845,1
397713,2
924727,1
164077,0
442722,0
583077,0
840571,2
415337,0
148578,0
239214,0
521908,0
947679,-1
227844,0
701507,0
617736,1
509196,1
585430,1
839425,0
414230,0
916592,0
705572,0
282147,1
201741,0
464689,0
506099,-1
315331,1
258435,0
910541,-1
394712,1
424092,0
204080,0
744870,0
644004,0
107636,0
661174,1
19909,0
927163,0
358829,0
186937,0
98072,0
43449,0
996972,0
365705,0
27742,0
165638,0
419439,0
254018,0
980316,0
849752,0
601238,0
763081,0
767129,1
292040,0
800470,0
408830,0
902403,0
495974,0
97966,0
612358,0
601862,0
484009,0
24147,-1
545781,0
404273,-1
459068,0
706804,0
570687,0
611072,0
985616,0
164701,0
599031,0
291016,1
871590,0
375923,-1
625713,0
544267,0
597520,0
201908,0
779450,1
41388,1
324210,0
527518,0
995095,2
68508,0
645526,1
803925,0
310865,0
243590,0
739831,0
838039,0
93918,2
115526,0
164262,0
727311,1
735220,0
468210,0
689122,1
53596,0
799186,0
101084,0
30439,0
810252,0
821303,0
292964,0
302407,0
271892,2
732321,0
447410,0
803265,0
196513,0
365268,0
202213,0
325954,0
969878,0
626863,0
549662,2
583897,0
81079,0
74615,0
390771,0
921683,0
260545,0
746062,-1
523766,0
369387,0
387902,0
407975,0
843647,0
668518,0
259924,0
823007,0
133194,0
999383,1
844853,1
811166,0
700248,0
312802,0
703577,0
842529,1
133240,0
637996,1
242561,1
970006,0
651603,0
339673,0
675644,1
793976,0
162961,0
469570,0
681176,0
887401,0
891406,-1
751950,1
965377,0
773946,1
84122,0
845066,0
389748,0
837821,0
967629,1
864765,0
266087,0
41710,0
112134,0
513080,1
452254,0
564272,0
876098,0
273845,2
343129,1
622330,1
296515,2
199651,1
265010,1
124863,0
619557,2
500287,1
366450,0
626887,0
426254,2
535685,0
617761,0
616786,-1
863271,0
516407,2
148449,1
849472,0
665945,0
479060,1
736724,0
288008,1
638394,0
779022,0
951766,1
535506,0
202738,0
863224,0
870370,0
721194,0
981141,2
252336,0
77169,0
68528,0
38903,0
256464,0
11425,0
898966,1
860813,1
873715,0
81184,0
106630,0
203802,0
904553,0
793878,1
727291,0
659013,0
170414,0
545030,0
935399,0
720843,0
24407,2
368110,0
503818,0
556178,0
905326,0
337724,0
69700,0
114542,0
160079,1
903579,0
646349,0
161942,0
598614,0
663644,0
329622,1
263883,0
296398,0
566777,0
158516,1
764934,0
404621,2
803119,0
610999,0
737690,0
312628,1
712615,0
188749,0
814343,0
988637,0
880191,0
280042,0
630479,0
46849,2
667139,1
445425,0
136052,-1
811010,0
170283,0
900662,0
493441,-1
94212,0
753640,0
312169,2
202533,0
102614,1
619990,0
86350,-1
63121,0
121852,0
600352,0
124929,1
75897,0
574497,-1
24804,1
596222,-1
906004,0
539619,0
110125,-1
448051,0
790726,0
822650,0
381243,2
730979,0
936649,0
587095,0
612202,0
429050,0
700694,0
851416,0
547091,0
51713,0
125090,1
81094,1
46987,0
10385,-1
660879,0
815867,0
182651,0
13152,0
612985,2
668026,2
286216,1
872878,0
346203,1
717045,0
118481,1
67795,0
965112,0
942456,0
49607,1
336321,2
220175,1
218973,0
458027,0
932536,0
239165,0
473283,1
10468,1
965411,0
733655,0
383468,0
796762,0
184596,0
327092,0
158124,0
998269,0
332356,-1
495084,0
610404,1
478417,0
599073,1
476278,1
433925,0
184487,1
899620,0
237593,0
637818,1
487541,0
323186,0
767342,0
897943,0
893076,0
227111,0
484479,0
142536,0
511856,0
486621,0
793118,0
350625,1
875997,0
520873,1
980231,0
486454,1
790783,0
119066,1
795590,0
703949,1
226753,0
497219,0
133965,0
108181,1
574156,0
510374,0
547861,0
154116,0
445954,-1
997533,0
624946,0
463357,-1
912071,0
789575,0
733504,0
921494,0
182771,0
577188,0
77565,0
13576,0
850213,1
233403,0
158376,0
42715,2
125277,1
794752,1
738883,-1
646317,0
908688,0
767328,0
771691,1
259880,0
825122,0
884467,0
787682,2
609778,2
737682,1
908388,-1
424425,0
323128,1
628679,0
678862,1
838507,0
205713,1
681150,0
7572,0
941573,0
274509,0
684872,0
370024,0
291351,1
155280,0
493518,0
955736,0
475150,0
814784,0
934550,2
236229,0
868776,1
724046,1
948949,0
383876,0
131974,0
986064,0
428108,0
926841,1
494582,0
781163,0
92910,0
486,0
491939,1
53227,0
800250,0
253165,0
31100,0
457211,0
164443,0
646128,2
26297,0
641969,0
593800,0
256579,0
805014,0
418189,1
640885,0
497723,1
627483,0
654700,0
237079,0
432087,0
572031,0
962862,0
73015,2
308754,0
686614,0
620529,0
342626,0
875135,0
135651,0
566883,0
708737,-1
771565,0
146085,0
713094,0
540959,0
824998,1
387636,1
6977,0
581176,0
272574,0
312899,0
405772,0
423226,2
15617,0
73801,0
581076,0
763519,0
916909,0
646077,0
551261,-1
182472,0
180047,0
986479,0
238659,0
76266,0
98479,1
177204,1
298152,0
328729,1
297260,1
567264,0
329437,1
985621,0
789426,1
246326,2
933736,0
378617,0
254499,0
174922,1
312720,2
568863,0
903966,0
730989,0
191303,0
261053,0
179969,0
411209,1
293338,-1
224041,0
627912,0
763334,0
769155,0
93337,0
802385,0
42183,2
407596,0
368054,0
618952,0
648741,0
877147,0
996306,0
154289,0
333682,0
746454,0
504683,0
455348,0
744762,0
153848,0
429721,0
460217,1
622753,0
925836,0
140313,0
498154,0
848278,0
694120,0
614569,0
511015,0
56117,0
97915,0
684968,0
290122,0
896238,0
105501,0
155182,0
243396,-1
425069,1
3804,0
92161,1
360732,0
850932,1
20149,2
695895,-1
972635,0
986282,-1
568549,0
434652,1
507521,0
263473,0
267646,0
149939,0
274077,0
776304,0
370879,0
404861,0
204227,0
819486,0
142966,0
818701,0
274044,0
665722,1
421305,0
704236,0
349774,0
635513,-1
652424,0
146233,0
676332,-1
696485,-1
474898,0
939207,0
135234,0
4494,0
678001,2
505970,-1
656254,0
552023,1
561933,0
885448,1
284977,0
455946,1
891808,0
349787,0
598581,0
327527,0
631112,0
780626,0
617439,0
778454,0
411141,0
694508,1
451340,0
200823,0
252827,0
997245,0
593241,0
150780,2
701541,0
342006,0
182752,2
597528,0
979212,0
730965,1
705732,2
852885,0
567968,0
58159,0
485485,0
270505,1
221568,2
261639,0
493242,0
988625,-1
127890,-1
582873,0
596848,0
653100,0
681574,0
228139,0
121922,0
941781,0
169175,0
253167,0
715413,1
15656,0
825086,0
207315,0
823519,0
369940,0
359076,0
802295,0
44252,2
230042,1
663144,0
235342,0
948529,1
649033,0
622688,0
500735,0
295382,0
982200,0
349178,0
395381,1
544107,-1
538241,0
591984,0
45181,0
708342,0
950412,0
118586,0
833509,0
694880,0
501069,0
537327,1
736909,0
777838,0
14607,0
198247,1
532727,0
971954,0
506983,0
740265,0
628974,0
273978,0
890446,1
555626,0
266376,0
555259,0
605751,0
642647,0
8695,0
288654,0
420856,2
822637,0
495623,2
444782,0
598329,0
581704,0
274996,0
185975,0
6500,0
4922,0
314724,0
864689,0
890303,0
298217,1
58759,0
665061,0
711365,0
53886,1
639109,0
955199,1
56403,0
986454,2
725929,0
308560,1
63259,2
893580,0
910594,-1
635622,1
332270,0
230361,0
970928,1
987005,0
599243,0
415291,0
353090,1
571695,1
442038,0
766968,0
572932,0
770249,1
380515,0
308454,1
870967,0
35630,0
809561,0
51932,0
937854,0
845936,0
48136,0
337375,0
129260,0
651061,0
949433,0
38474,1
780400,0
900148,0
717361,0
315768,0
1094,0
371575,0
334703,0
347301,0
333023,0
760539,0
986393,0
113410,0
533841,0
646375,1
208765,0
874552,2
581056,0
564133,0
238576,0
771517,0
569298,1
362439,0
313524,0
453646,0
267618,0
552103,0
922833,0
161548,0
547728,0
882173,1
196745,2
329376,0
561279,0
152362,0
577289,0
569331,0
797033,0
697697,0
705751,0
780961,0
607260,0
56078,1
233570,0
900516,1
526766,0
950781,1
445119,0
299523,0
700364,1
638191,1
746929,1
585971,0
568079,0
102283,0
154483,0
870534,1
367520,1
483579,1
846473,0
863386,0
448491,0
879144,1
661533,2
778544,1
26334,1
568606,0
694622,1
176767,0
787826,1
765977,0
79002,0
628012,1
468570,0
989146,1
458415,0
677605,1
896052,1
689114,2
743964,0
562549,0
609521,1
769546,0
936010,0
28321,0
907350,0
15176,0
619727,1
755696,0
659339,0
868242,0
878577,0
27645,0
94375,0
96253,0
106662,-1
927688,0
174681,0
5808,0
562069,0
697588,0
323681,0
767676,0
23872,0
901914,0
940000,2
152867,0
174045,0
952247,0
420045,0
219993,0
384450,2
284022,2
281768,0
969999,2
692396,0
566712,1
397080,0
400965,0
553873,1
314655,0
210043,1
66392,1
888438,2
42015,0
155936,0
456964,0
100619,0
165244,0
918091,0
225368,0
809620,0
543287,0
858075,0
342041,0
501333,0
688842,0
259862,0
844239,0
939482,0
851282,1
782419,1
156502,1
411451,0
778098,0
748621,0
991104,0
429100,0
242868,0
383918,1
665976,0
464303,0
136987,2
210063,0
931052,0
726315,0
430258,1
366927,0
303238,1
485960,0
300485,0
486143,0
487258,0
86791,0
483979,0
557002,0
651130,0
240130,0
854919,0
126330,1
959514,1
669369,0
906463,0
251017,0
17936,1
275097,0
973737,0
398175,1
549419,1
830932,0
62153,0
836743,0
688979,0
467710,0
786829,0
475922,0
756330,0
129546,1
283112,0
177141,0
27227,1
991302,0
769041,0
982553,0
882621,0
953530,2
834944,0
561470,1
384297,0
521834,0
878776,0
800561,0
332192,0
626665,0
720978,0
471603,0
840316,0
270413,0
666499,0
934904,0
750005,1
370595,-1
93511,0
389325,0
285464,0
537960,0
523402,0
453346,0
286755,0
735544,0
737829,0
866869,0
887135,0
539693,0
912791,-1
32937,0
607228,1
678005,0
547998,0
111384,0
135862,0
585961,0
851295,0
876430,0
161949,0
265741,0
469560,0
625147,0
843557,0
246532,0
397532,1
363915,0
535584,0
195696,0
432742,1
45471,0
147931,1
351920,0
728240,0
15379,0
138964,1
406562,1
673979,0
6599,0
3316,0
963207,0
292792,0
715826,2
901330,0
658591,0
700745,1
684686,1
585044,0
72912,0
292080,1
775106,1
429183,0
79809,1
710041,0
359322,-1
558178,0
883974,0
796425,0
792125,0
603149,0
412743,1
899120,0
77176,0
48054,1
744133,0
792380,0
450463,0
923478,0
825217,0
92054,0
455204,1
166549,0
864815,0
736961,0
495799,0
988766,0
440864,0
7273,0
114016,0
713565,0
713129,0
681654,0
633587,0
489731,0
71236,1
954902,0
608676,0
841621,-1
938387,0
96791,0
336255,0
654234,0
568095,0
297199,0
63520,0
146672,0
156613,-1
209688,0
233240,0
635250,0
818370,1
250804,-1
472432,0
526619,1
932140,0
678223,0
499800,0
94093,1
975989,-1
546488,0
823328,0
83230,1
613657,0
465639,2
37735,0
508126,0
338723,1
216769,1
924616,-1
128444,0
781378,0
161766,0
629937,1
448114,2
337455,0
928110,0
348665,0
925085,0
350345,1
255901,0
798119,0
649555,0
678457,0
127945,0
306053,0
429997,0
84686,0
178031,0
433817,-1
727081,1
92555,0
736073,0
684291,1
208436,1
631966,0
632170,0
552169,1
700411,0
398682,0
864408,0
791122,0
311939,1
212992,0
439770,0
888670,0
246648,0
52909,0
185340,1
954861,0
312141,0
779676,0
501230,1
655913,0
869690,0
692291,0
7733,0
323305,1
522534,1
255257,2
342294,0
336712,0
847143,0
958883,0
32011,0
645444,0
591370,0
921487,0
213184,0
191035,0
486019,0
967576,0
485397,0
274091,0
971373,0
80530,0
441388,2
219687,-1
589095,0
717337,0
309919,2
624761,0
538959,0
933506,0
255735,0
960885,0
547227,1
955114,1
490235,-1
30625,-1
344466,0
352351,0
91361,0
644448,0
321910,0
294122,1
502744,0
450547,0
952430,0
917415,1
546639,0
498408,0
19737,2
89008,0
401448,1
117558,0
713838,0
52888,0
692934,0
211232,0
738012,0
430717,1
429013,1
622733,0
175296,0
208540,2
341637,0
980407,0
747972,0
10675,0
413483,0
492601,-1
440868,1
179308,0
850302,0
994884,2
280069,0
225213,0
383465,1
495245,0
457142,0
918082,0
850665,2
119798,0
197624,0
419286,0
66539,0
937594,0
458056,0
391586,0
537905,0
940773,1
63636,0
350290,0
399262,0
879570,0
242644,0
360419,2
702569,0
195816,-1
757711,0
927763,1
709644,0
713965,0
645834,0
917740,1
102859,0
302987,0
533731,-1
989796,-1
998974,0
238041,2
849413,0
277751,0
42975,1
243718,1
993297,1
162328,0
341635,0
650311,0
244956,0
203918,1
474921,0
111066,0
706768,1
701078,1
469942,0
396077,0
930734,0
769160,1
324,0
685392,-1
195255,1
132265,1
232617,0
671491,0
24200,0
670870,0
187081,0
740680,1
183014,1
1002,1
437581,0
13562,0
525771,1
484704,0
435190,2
563240,1
980945,0
71688,0
43993,0
674237,1
609692,0
994995,0
17950,1
660705,1
488065,0
718541,0
789782,0
774504,0
942387,1
913856,0
68822,0
498872,0
282396,-1
607114,0
293524,1
67727,0
926215,0
237135,0
13937,0
105223,0
989572,2
548324,2
565886,0
319852,0
958100,0
343719,0
731863,0
603466,0
119608,0
692785,-1
764412,0
853757,0
822612,2
400706,0
506377,0
676465,0
528708,0
426419,0
540054,0
912100,0
274630,0
554174,1
905680,0
418450,1
418141,0
307012,0
890324,-1
682705,2
379783,2
843593,0
22034,0
616085,0
672236,2
440264,0
162520,-1
571452,0
178299,2
187726,1
162956,0
650239,1
285695,2
62508,0
601101,0
888833,0
452911,0
532091,0
647934,0
205997,0
376530,0
491158,0
670340,0
63710,1
373166,0
123762,0
949504,-1
282697,0
796241,1
968995,1
114369,1
505454,0
804838,1
254338,0
357839,0
356216,0
27874,0
985071,1
718353,-1
10863,0
519963,1
398011,0
858431,0
781976,0
647740,1
509315,0
180805,0
153440,0
721700,0
665905,0
425155,0
592618,0
604000,1
706419,1
626332,0
675525,0
35335,0
879999,1
695422,0
282559,-1
347486,0
237897,0
83693,0
434463,0
936349,1
467990,0
339981,0
998342,0
769234,2
812406,0
325242,0
274653,1
141806,0
239144,0
537273,0
147807,0
207974,0
357314,0
789590,0
752831,1
719483,0
717031,0
744804,1
912022,0
541124,0
999263,0
986822,0
397991,1
819649,0
917021,0
742017,0
68689,1
233448,-1
391815,0
625916,1
602874,0
384242,0
248317,0
597775,1
505736,1
830762,0
268977,1
169209,2
674056,1
303834,0
893012,0
950264,1
155098,0
643801,0
37382,0
239109,0
811745,0
307324,1
651589,0
728961,0
995965,0
32617,2
345264,0
670510,2
187322,1
643839,0
656403,1
407063,0
456801,-1
279241,0
173656,0
140144,0
695410,0
342379,1
904821,-1
102149,1
315058,0
443380,0
328359,0
822742,1
363827,0
369444,0
15004,0
425757,-1
795670,2
994106,1
521233,0
629606,0
428345,0
376182,1
557421,0
351678,0
566520,1
951080,0
431383,0
164681,0
711690,0
487536,0
12892,0
93856,0
616594,0
55340,0
977890,0
767055,0
449932,0
916728,0
116029,0
385866,0
560183,0
264529,-1
410097,0
759381,0
846166,0
975978,0
73908,1
564366,0
218212,2
774290,1
468930,0
692526,0
425303,0
907670,0
345212,0
686682,0
130895,0
78847,0
813529,0
512340,2
643621,0
492385,0
105981,0
106267,1
395551,0
133092,0
62304,0
773877,0
261474,0
2066,0
880642,1
168822,0
291414,0
518500,0
474278,0
250041,0
369792,2
549105,0
735919,0
415660,1
390548,0
586365,0
801663,0
21444,0
429715,1
485778,0
353052,0
39102,0
874377,0
582519,2
714029,2
562887,0
161206,0
242518,0
333341,0
526794,0
862925,0
964831,0
141282,0
642970,-1
437390,0
251594,0
3947,0
782071,0
876155,-1
518691,0
571034,0
57352,-1
444558,0
44613,0
583126,0
516278,0
599097,0
144626,0
362282,0
465505,1
781993,2
840724,0
385584,0
332709,0
913766,0
49767,-1
416908,0
607640,1
642312,0
66809,-1
55451,0
776252,2
146193,0
839366,0
579210,0
597687,0
619476,0
414013,2
380700,0
896367,0
334698,0
314624,1
991473,1
549413,0
242209,0
969368,2
348883,0
418492,-1
470540,-1
458378,1
109266,1
796016,0
146189,-1
908598,0
305829,0
150626,0
314295,0
785092,0
349953,1
315604,0
719053,0
625475,0
904281,0
864899,0
98191,0
393935,0
976682,0
115902,0
714477,0
904871,0
40002,1
196167,1
876677,2
639041,0
658238,0
118538,0
585684,0
212373,-1
439871,0
372248,1
808291,1
740677,0
286600,0
39137,0
242134,0
789533,0
974607,0
121892,0
925466,0
659381,0
71947,0
619589,0
538261,0
401624,1
592687,0
770681,0
655254,0
803295,0
770982,-1
841939,0
773430,0
910369,0
529946,0
453960,2
199412,1
928138,0
89026,-1
936076,0
48194,1
543968,0
428811,0
199176,0
308647,1
472164,1
14347,2
792863,0
730475,0
302030,0
729730,0
355810,0
520559,0
116986,0
242175,0
214431,0
627510,1
372797,0
821047,0
859883,0
184039,0
575649,0
406507,0
208568,0
371985,0
440835,0
647629,0
897754,0
802877,0
254620,0
306648,0
80762,1
65253,0
221872,1
655251,0
400521,0
899111,1
213627,0
32882,-1
127013,0
296021,0
246508,2
881303,0
877621,0
913736,0
28168,0
616816,1
337927,0
60850,2
382625,1
306424,0
125916,0
887268,2
646241,0
833300,0
640993,0
185928,1
723717,0
161924,0
653426,0
326871,0
23219,0
694941,0
511624,1
713841,0
757148,-1
233609,0
481699,0
788178,0
258840,0
180910,0
143846,0
397187,1
735956,0
697066,1
398754,1
159756,1
583833,0
347170,0
840626,0
976083,0
936082,1
707118,0
230817,0
647480,1
886880,0
669722,2
89211,0
965203,0
205053,0
792494,-1
810157,0
244378,0
953700,0
823363,0
643295,0
844388,-1
111866,0
891158,0
658186,0
376161,0
733882,1
524949,0
754796,0
747068,1
260344,1
341280,0
833793,0
456224,0
942777,2
813648,1
703664,0
454700,0
774633,0
713981,0
439771,0
877051,0
557810,1
999361,0
541390,1
843489,0
864943,-1
624938,0
672160,2
651084,0
657393,1
730399,1
507652,0
836399,0
231,0
141372,0
67600,1
486188,0
788413,2
163707,0
175537,0
899924,0
387467,0
300294,0
263648,0
546601,1
208409,0
988785,0
460408,0
596290,1
152927,1
330596,0
813049,1
29924,0
966487,0
211780,0
934971,0
396644,1
389863,0
151900,0
529295,0
197911,1
795755,0
826090,0
10291,0
827586,0
342303,0
467556,0
237893,0
182715,0
523321,1
363106,0
23004,0
928252,0
391847,1
675665,0
348827,0
729449,0
232059,1
171354,0
161420,1
920419,1
125728,0
529144,0
38443,0
923595,0
281501,1
755722,1
34877,0
948297,0
655292,0
624662,0
617813,0
872665,0
251854,0
836359,0
798768,0
922488,1
446131,0
711942,0
132672,0
117315,0
786925,1
88937,0
841709,1
764509,0
263838,0
903611,0
135121,0
144821,0
632162,0
360173,1
448103,2
678866,0
415234,-1
724647,0
665309,0
957065,1
224939,-1
133760,0
402953,0
647958,-1
973496,0
211487,-1
970549,1
322361,0
758055,0
34105,1
684967,0
167784,0
645719,0
183603,0
644988,0
417921,1
634015,0
855655,1
364166,0
818184,-1
637913,0
584433,0
54701,0
417381,0
883513,1
518360,0
599938,2
638621,1
961715,0
697302,-1
167532,0
65065,0
872916,0
199128,0
977732,0
387630,0
42462,0
349811,0
534173,0
785799,0
403726,0
504476,0
32252,1
440593,0
892685,0
536460,0
806307,0
670875,0
681122,1
781879,0
247068,0
112810,0
603763,0
340383,0
401550,0
397696,0
292460,0
46055,1
922725,0
420119,0
345844,0
495305,0
575462,0
353591,1
697999,0
645309,0
775388,1
616411,0
137885,-1
451960,0
789115,0
477120,2
471531,1
643397,0
981119,0
905720,0
527327,2
214262,0
764356,0
285265,1
109031,0
889920,0
918544,0
345862,1
626861,0
407425,0
112891,0
892965,0
500622,0
359206,-1
132398,0
141932,0
27158,0
312699,0
641045,0
548793,0
614023,0
195809,1
462314,0
505590,0
475827,0
347787,0
246778,0
974119,0
585186,0
76203,0
637597,0
999983,0
465780,1
735013,0
290151,0
347870,0
446311,1
408612,-1
196509,-1
129739,0
624840,0
806364,0
616197,-1
376651,2
568226,0
51453,1
646773,0
462459,1
932633,1
420183,0
992903,2
968742,0
345859,2
890862,0
674121,0
268219,0
7655,1
497236,0
186163,1
706987,0
128531,0
315675,0
746780,0
968654,0
252133,1
53344,0
933095,0
161392,0
694317,0
682757,0
583969,0
230320,0
927233,0
702609,0
449579,2
52493,0
275488,0
308521,1
960368,0
275530,0
833217,2
800449,0
244138,0
642606,0
370237,0
36966,2
12748,0
465047,1
688977,-1
843598,0
790157,0
242160,1
628826,1
446288,0
322424,0
803087,0
634079,0
825627,0
961667,1
33808,0
198272,0
990123,0
469488,0
463957,1
880361,0
584773,0
374553,0
183275,0
113375,0
190844,-1
795230,0
444102,0
259635,0
497056,0
205201,0
830570,0
177632,0
874661,0
204768,1
426709,0
666101,0
728666,0
622683,0
539304,0
490246,0
862832,0
91092,0
629284,0
581779,0
767922,0
207825,0
488877,0
290673,0
587933,0
12343,0
991667,0
366178,0
990370,0
345018,0
900182,-1
23133,0
813652,0
155474,0
265814,0
976781,0
853893,0
125784,0
722067,0
203641,0
455687,0
21780,0
739736,1
663336,1
669160,0
99220,2
736519,2
162533,0
272392,0
809568,-1
408446,1
293618,0
614427,0
448949,0
434123,1
694186,0
480120,0
343589,0
595575,0
880717,0
302744,0
631761,0
706535,1
121619,0
177940,0
94004,0
300637,1
324458,0
336980,0
3151,0
390611,0
336024,0
811013,0
920143,0
824716,0
453544,0
368830,0
556824,0
744397,2
647697,0
539985,0
399389,0
715168,1
784741,0
117318,0
568817,0
377392,0
111643,0
8723,0
262101,1
551225,0
377121,0
388278,0
387855,0
396758,0
821375,1
307577,0
11874,0
152947,1
373196,0
681799,0
195033,1
470515,0
542193,0
786188,0
952036,0
782706,0
232723,2
443670,0
685079,0
276015,1
373750,0
956265,0
847491,0
511736,0
301549,0
491260,0
502197,0
972927,1
740869,0
519113,0
573875,0
858962,0
528969,0
570551,0
883034,0
169392,1
269695,0
47454,1
391822,1
628083,0
644328,0
436950,0
26551,0
647139,0
179680,2
363692,0
483048,1
540983,1
788092,0
205106,0
785011,0
33426,0
338299,0
240223,2
514220,0
767021,0
458376,2
871950,1
648034,0
302254,0
638987,0
543051,-1
518964,2
205963,0
895438,0
838812,0
396598,1
9385,0
53503,0
857881,0
899149,0
983942,1
717325,1
193613,0
287333,1
242144,0
966042,0
167148,-1
3451,1
223188,0
571929,0
484537,1
261371,0
333480,0
717182,0
18369,0
239212,0
713047,1
896499,0
19234,0
576063,0
865976,0
865858,0
214133,1
7500,0
461792,0
909060,0
896636,0
923236,0
363209,0
943350,0
23718,0
732753,0
436406,1
226552,0
995707,0
860633,2
283389,0
828750,0
750985,1
10691,0
968989,0
283169,0
479441,0
49000,0
895112,0
89198,0
731498,1
873492,1
748686,0
493732,0
666504,0
291794,0
591070,0
399545,0
898448,1
655033,0
653524,2
933765,1
98740,-1
701254,1
460181,0
750030,1
745890,1
633094,0
885609,0
642211,0
893929,0
233330,0
187583,0
1778,0
468742,0
757706,1
197401,1
145207,0
969010,0
93645,0
262801,0
874333,1
593952,0
874815,1
792528,0
96606,1
104081,0
951844,0
240191,1
741518,0
490704,0
787476,0
356997,-1
804006,1
873876,0
623346,0
987897,1
914419,0
412157,0
2028,0
605102,-1
749238,0
307392,0
397422,0
338237,1
80541,0
449512,0
294833,0
413620,0
387693,1
450373,0
589886,-1
516932,1
581483,0
346955,0
734933,-1
288357,0
303455,0
224575,0
576795,0
15284,1
573941,0
919384,1
719494,0
24551,0
183366,0
336178,1
634250,0
609196,0
974078,1
839965,1
232062,0
924312,1
575336,0
124851,0
806164,0
732761,1
500599,0
412117,2
906349,0
913803,1
393406,1
189856,0
310554,0
919892,0
569801,0
817363,0
440342,0
720834,0
406014,0
142478,0
759688,2
371839,0
628608,0
488708,0
498562,0
43007,0
466461,0
103442,1
685532,-1
488405,1
681057,0
353092,1
284569,-1
395034,2
366099,0
577799,-1
854121,0
264258,1
349261,0
122095,0
910800,-1
638147,0
101951,2
309070,0
570235,0
59157,0
669686,0
558941,0
51268,-1
991319,1
514870,0
52275,0
44216,1
326352,2
930456,1
837886,0
425286,0
354627,0
590555,0
540462,1
981998,0
135020,0
981661,0
805343,1
776590,1
700547,0
575771,0
810435,1
107181,2
122281,0
556956,0
77126,0
290670,0
517369,0
808687,1
114203,0
15842,0
102935,0
23002,0
404865,-1
567081,0
211891,0
619002,0
684757,0
179146,0
935520,1
824330,0
150637,0
119377,0
768227,0
149919,2
669199,1
185722,0
336736,0
544432,2
461608,1
543004,0
34682,1
92880,0
215890,0
888835,0
181401,0
189154,0
872090,0
845259,0
218304,0
567409,0
399514,0
672209,0
4403,1
445740,0
464276,0
886163,0
187666,0
160670,0
285723,0
272753,0
170877,0
698764,0
132467,0
39110,0
606934,-1
17095,0
13523,0
462723,1
389239,-1
587505,0
690523,2
253146,0
167461,0
716193,0
754194,0
937593,0
795201,0
941129,0
951756,0
541050,0
676119,1
383346,-1
318732,0
177261,0
374551,0
335242,0
669156,0
147257,0
631258,2
577768,1
556221,0
172964,0
767518,0
905221,0
937706,0
676551,0
411028,0
968883,0
65085,0
974176,0
281304,2
860156,0
885791,0
174569,0
674895,0
70824,0
604290,0
927676,0
731245,1
143452,0
342692,0
871087,0
761613,0
798311,0
635795,0
700014,0
791049,0
279700,0
507646,0
444407,0
465916,0
134834,0
852541,1
962364,0
176463,0
992510,0
975849,0
420299,0
704863,0
421447,1
935240,0
461836,1
819440,0
419330,1
535890,1
841407,0
826224,0
546860,1
624360,0
587419,0
389504,0
860824,2
793887,0
945522,0
436399,0
797196,0
642292,0
258901,1
233757,2
875599,2
860413,2
922066,-1
719718,0
667210,0
954662,-1
593300,0
491493,1
943128,0
670317,-1
550089,0
152533,0
725903,0
685530,0
679978,0
247717,0
803475,2
776944,0
232693,0
752730,-1
526205,1
831699,1
739965,0
251342,0
718512,1
816966,0
903146,1
891315,0
787078,0
21589,0
322283,0
867456,0
22847,1
520018,0
767439,0
808874,0
257679,0
635476,1
336477,0
398328,0
386898,0
559407,0
658452,1
64700,0
636423,0
906223,0
773709,2
441850,0
133043,0
553119,0
632138,0
320905,1
975115,-1
38430,0
733245,0
384813,-1
464528,0
786000,1
684182,0
221073,0
965970,0
691400,0
691422,0
63149,0
94816,0
613499,0
910979,0
50617,0
529874,1
144763,0
477049,0
718864,0
799336,0
429124,0
16399,1
389891,0
803662,1
45923,0
260020,0
780749,0
618441,0
139969,0
723808,1
188951,1
609927,0
98321,0
513818,0
943916,2
847508,0
425538,0
231808,0
618984,0
810170,0
952783,0
310439,0
955627,0
201714,0
253507,0
336728,0
739980,0
652034,0
786046,0
338331,0
978337,0
559940,0
930566,1
619635,0
44405,0
436944,0
609023,0
888451,-1
565182,0
230971,0
966471,1
633801,0
596337,0
434014,1
876617,0
60545,0
971322,2
634921,0
851954,1
717758,1
421679,0
890281,0
665551,0
356135,0
963332,0
574829,1
81371,2
603906,0
468076,0
659606,0
97195,0
493580,0
880721,1
96026,0
252046,0
856130,1
472832,0
209090,0
609183,2
514259,0
681249,2
25872,0
408169,2
905925,1
459544,0
913419,0
71764,0
92104,1
74545,0
870533,0
393229,0
686549,0
299868,2
725140,0
661441,0
474203,0
242949,0
179621,0
537577,1
847478,-1
884263,0
793221,0
819944,-1
490010,0
939135,0
323575,0
893288,0
116830,0
362231,0
471844,0
176547,0
565202,0
329502,0
638907,0
614055,0
51534,0
945333,0
122940,0
469138,0
880749,0
778694,0
104364,1
368719,0
193727,0
665192,0
565739,0
343223,1
279885,0
892105,0
140680,0
790521,0
412336,2
445997,-1
779795,0
681616,0
367686,0
506370,2
132168,0
759108,0
607329,0
833214,1
989639,0
381419,0
152267,1
84283,0
983881,0
657049,0
460356,0
700177,0
724623,1
269340,0
535460,0
552058,0
163554,0
243130,1
943320,0
931056,0
574005,0
321998,0
313038,1
651974,0
744160,0
911544,0
28314,0
420118,2
865942,1
782992,2
175154,1
65902,0
787883,2
791692,0
207757,0
976442,0
758755,1
867625,0
607007,0
938596,0
994970,0
528695,-1
534510,0
661942,0
715352,2
786120,0
840591,0
649191,1
229841,0
783682,0
218198,0
446581,0
936827,0
152582,0
728227,0
11920,1
622280,0
735540,0
9279,1
757282,0
904522,-1
347211,0
820479,0
756206,1
678920,0
440259,-1
559157,2
406889,0
388681,1
88041,0
854980,0
922520,0
213898,0
145369,0
860687,1
680519,0
321220,1
882331,0
907463,-1
335976,0
622805,0
349122,0
324368,1
581146,1
455964,2
160166,0
580239,0
18671,0
716376,-1
979435,0
252476,0
838635,2
846835,1
981163,0
236535,0
927987,0
710593,0
610576,1
758414,0
18822,0
424206,0
154236,0
729958,0
407521,1
824810,0
554576,0
996125,0
508149,1
280895,0
110710,0
583480,0
667841,0
949978,0
396471,0
837179,0
737124,0
294524,0
641827,0
416947,-1
515505,0
588319,0
604614,0
446458,0
37360,0
704078,1
544705,-1
63842,0
901931,1
269577,0
138417,0
426497,0
674947,0
247478,-1
209270,0
992108,0
255923,0
972520,0
942975,2
664932,0
799405,0
937887,0
173729,-1
485359,0
134379,0
760079,0
398627,0
32929,0
299783,2
44735,0
728497,1
183312,0
94753,1
14623,0
353731,0
297818,0
713609,0
362414,1
34025,0
704233,0
579173,0
591696,2
315835,0
270023,0
926733,0
30642,0
665957,0
28337,0
417278,0
50742,1
358351,1
200711,0
389793,0
454424,0
717217,0
294907,0
198716,0
606121,0
970000,0
398295,0
849951,1
971806,0
500923,2
307702,2
960324,0
645317,0
29213,2
477346,0
299162,0
544515,0
880298,0
612332,0
766985,1
361680,0
302664,0
200394,1
447949,0
99648,0
928859,1
83796,0
925802,0
294633,2
303648,2
314580,2
572088,1
200392,0
641822,0
385091,0
556789,0
203724,0
296730,1
916865,0
435206,0
797442,0
586862,1
544527,1
342507,0
159414,0
873750,1
240786,0
912315,0
430947,0
502009,0
406685,0
783825,0
994307,0
826534,0
958248,1
965880,0
641657,0
250465,0
447013,0
855359,1
807064,2
986805,0
461201,0
488707,0
895905,0
801388,2
34910,1
242159,0
45534,0
976055,1
937872,0
838818,0
590122,0
21289,0
762446,0
164145,0
397452,0
95291,0
870694,1
419126,0
314286,0
951661,0
187089,0
375759,1
679611,0
422353,0
886918,0
678095,0
839278,0
379592,0
738080,0
336714,0
1816,0
657388,0
683321,0
477660,0
223453,0
421643,1
43719,0
381965,0
294032,0
109220,1
874526,2
440019,-1
927947,0
574554,0
128567,0
378707,0
592854,0
456458,-1
962041,0
750953,0
52542,0
122796,0
187289,0
265431,0
828671,0
244357,0
753421,0
204521,0
14384,0
938581,1
739493,1
272480,0
293270,0
407620,1
221779,0
700583,0
491385,1
648006,0
271260,0
68436,0
7675,0
820467,0
957518,0
192926,0
970423,1
960163,0
458966,0
644790,0
85869,0
775140,0
802518,0
110473,1
640417,-1
280223,0
494357,-1
174044,0
731471,1
3723,0
3202,0
549109,0
873234,1
580874,0
56879,1
608787,0
151713,2
457952,0
155514,0
572568,0
471996,0
749681,0
85658,0
509974,-1
45633,0
163316,0
168820,-1
540509,0
203774,2
589068,1
930997,1
327726,0
673125,0
470462,1
275391,0
723919,0
446680,0
141194,0
583867,0
302930,0
757862,0
649240,0
551327,1
162535,-1
715022,0
356711,1
279120,0
564,0
121545,0
242286,0
625921,0
216342,0
534568,0
173469,0
451677,0
565007,1
858239,0
707167,1
581249,0
833702,0
14926,2
448775,1
864201,0
15881,0
57888,0
525539,0
672859,-1
297051,0
413953,0
20613,0
783978,0
44946,0
739146,0
242763,0
427532,0
482620,0
338775,0
963222,-1
853096,0
178136,2
507896,0
872710,0
756649,0
427921,0
236300,0
472843,0
585050,0
722000,0
652221,0
157054,1
758676,-1
842465,2
212791,1
695776,-1
699957,2
232164,-1
517116,0
930064,-1
576283,0
265567,1
17842,1
798939,0
168339,0
106814,-1
825225,0
360538,-1
612554,1
853657,0
98480,0
177484,1
777232,0
768047,0
881405,1
671404,0
329427,1
184153,0
859092,0
456205,2
280330,0
203075,0
272683,0
102279,0
251364,1
691018,1
171437,0
584523,0
352915,0
938918,0
118705,2
362862,0
162835,0
684924,0
192051,2
302733,0
338757,0
964326,0
84507,1
785363,0
504198,1
232387,0
169990,0
191543,0
746266,1
389694,0
202010,0
693828,2
234488,0
933815,0
536804,1
568070,1
757915,0
214113,0
430081,0
219191,1
154202,0
265504,0
192317,0
231203,1
921692,0
582394,0
103419,1
469177,0
67327,1
409807,0
576187,0
550239,1
648313,0
375610,0
288718,0
661607,0
440008,0
937627,1
721289,0
287145,0
281673,0
886513,0
407091,0
42518,0
742525,0
118175,-1
339939,0
746758,0
47529,0
750212,0
162028,0
937194,0
491132,0
474018,0
361042,0
799826,0
513377,0
329632,0
994041,0
721268,0
93850,0
610899,0
418447,2
502706,1
910420,2
103571,1
338728,2
143979,1
908115,1
224771,0
203179,0
784900,-1
795672,2
197824,0
158701,1
863844,0
678273,0
291587,0
380473,0
144028,0
296369,0
100221,0
353354,0
74660,0
359734,0
593537,0
461573,0
787803,0
498737,0
700957,0
504538,2
736901,0
651995,0
853083,0
582931,-1
356177,0
140282,0
615437,0
59916,-1
358757,1
144672,0
239716,1
661831,0
795858,1
124164,2
129832,0
112460,0
242681,0
160144,0
422103,0
546746,0
219843,0
151006,-1
190868,0
994821,0
531825,0
35242,0
858151,0
432143,0
12320,0
831941,1
584499,0
524383,1
795138,1
152972,0
703808,0
620420,0
465164,1
384067,0
231989,0
946557,0
154720,0
948569,1
435694,1
300631,0
702259,0
881456,0
870399,0
997972,0
662440,0
733984,0
578706,0
232381,1
20967,0
277542,1
191551,0
11712,0
729970,0
937412,1
515785,0
27412,0
626724,0
718433,0
467242,0
127677,0
515849,0
962814,0
73851,0
448294,0
388958,-1
88600,1
815016,1
342255,1
315500,1
397781,1
497256,0
900685,0
895026,1
837882,-1
857718,0
645914,0
429221,0
733705,0
644143,2
168585,0
823781,0
732801,0
484639,1
144983,1
558804,0
78602,0
509354,1
59464,0
702425,2
194139,0
354470,1
697242,0
959223,0
925997,0
964409,0
552441,1
704720,0
637471,0
392090,0
429352,-1
418244,1
212699,0
433115,0
596894,0
744616,1
700389,0
499577,0
939324,0
444327,1
899081,0
562893,0
430444,0
590926,0
301275,0
341119,0
629890,1
292105,0
598093,0
578681,0
450187,0
806371,0
377791,0
552683,0
310662,1
493968,0
213428,0
323918,1
659778,0
931821,0
466144,0
485827,0
576534,0
880020,0
983767,0
307996,0
901703,0
787373,1
488684,0
138535,0
116502,0
418892,1
695046,0
601032,0
260117,0
84408,0
438427,0
260358,0
564732,0
727187,0
126996,0
166715,0
941101,2
963211,0
206732,0
754664,0
991119,0
573773,0
733913,0
324298,-1
286589,0
452072,0
574560,1
582553,0
387930,1
106633,1
209318,0
247440,0
645123,0
632243,0
41005,1
510964,1
126015,1
925313,-1
946901,0
645629,-1
568781,1
966168,0
164600,1
76245,0
54719,0
7509,0
434728,1
68985,0
889229,0
617853,1
230037,0
598028,0
934017,0
204685,0
275992,2
365621,0
71091,0
972408,2
109470,0
79549,0
362284,0
87027,1
7240,0
703452,0
145197,0
1945,0
712767,1
511943,1
228503,2
675038,0
850882,0
157092,0
993050,0
190667,0
56081,0
320095,1
124432,0
929212,0
770494,0
759292,0
726964,1
355876,0
932500,2
251875,0
147687,2
124352,0
567215,0
47328,0
384546,0
714132,1
744069,1
904328,1
174271,0
946120,1
340483,1
280836,0
44911,0
438926,0
502640,-1
613771,0
295236,0
651182,0
113815,0
70411,-1
770580,0
425733,0
952906,0
859485,0
567060,0
533881,0
470525,0
848469,0
568784,0
877185,0
168726,0
587093,0
987387,0
342669,0
725378,-1
487075,0
344476,1
332836,0
767844,0
262960,0
71648,0
529828,0
980495,0
389168,0
981338,0
795799,0
976940,0
96321,0
41753,0
194110,0
504128,0
780124,0
356023,0
398872,0
345019,2
776169,-1
359849,1
311294,0
618627,0
155605,0
397357,0
880594,0
282389,0
8701,1
646950,0
701935,1
867236,0
169205,1
677356,0
551956,2
239983,0
829555,0
90918,0
604275,1
172579,0
9475,1
924591,0
676803,0
715117,-1
795553,1
672587,0
273880,0
29004,0
596291,2
594134,2
684013,0
262766,1
332492,0
33218,0
511329,0
626443,0
76165,0
210055,0
145456,0
131138,0
864046,0
226831,0
641620,0
121792,0
593310,0
998283,1
366049,2
790955,0
484959,0
518884,1
444593,1
285948,0
262411,0
544648,0
181962,0
29667,0
101815,0
484679,0
165310,0
991755,0
753084,0
645827,0
797101,1
652094,1
415350,1
988696,1
254341,0
619928,-1
733556,1
874389,0
889535,0
18492,0
212156,0
446936,2
99337,0
366122,2
857685,1
752290,0
784519,0
841029,0
818114,0
391759,0
218217,0
514458,2
725621,0
277280,0
960351,0
497022,0
673763,2
576817,1
113307,1
623916,0
650738,0
647394,0
764007,0
732898,0
391659,1
175838,0
467890,0
648786,0
192616,-1
280107,0
231690,0
760479,0
220087,0
27968,0
435534,0
906542,1
682632,0
807456,0
985511,0
531101,0
405436,0
477213,0
440967,0
334834,0
906815,0
478680,0
184856,1
527493,0
562159,0
244745,0
642003,0
357986,0
46480,0
49925,0
979680,0
662792,0
75837,0
943024,0
576033,0
345642,2
634597,1
743366,0
573632,0
292228,0
843750,0
510205,0
709542,0
228488,0
922831,1
579403,0
395851,0
440675,0
714011,0
679588,0
154261,0
701991,0
78214,0
807282,0
668050,0
734739,1
385189,0
413920,0
651019,1
255286,0
258396,0
931784,0
79989,0
628610,0
439993,0
898414,-1
681341,2
150769,0
710936,0
616628,0
811994,0
556747,2
843257,1
99188,0
427006,0
97899,0
706552,1
717134,1
920814,0
583327,0
738594,1
506262,0
63123,0
929360,0
741854,2
305707,-1
837793,1
742000,0
918334,1
956244,0
493656,0
155104,0
598173,0
693350,1
858955,0
648396,1
381704,1
761694,-1
880806,1
227080,0
623268,0
983828,0
802279,0
987980,0
211241,0
265042,0
174321,0
461455,0
399200,2
52238,0
619713,1
219773,0
276473,0
868018,0
758458,0
929280,0
589155,1
266361,1
914494,0
560119,0
486451,0
881623,0
219667,0
380317,0
221371,1
37074,0
713540,0
548241,1
611865,0
987116,0
322192,0
216069,0
629946,0
13575,1
811195,0
265187,0
664758,-1
682704,0
403445,0
254631,0
616375,0
772787,2
964612,0
126727,1
804398,0
904502,1
771068,0
996118,0
48173,0
210227,0
236789,1
70995,1
706649,1
785152,0
905971,0
895249,0
637993,0
626143,0
181536,0
462251,0
146057,0
186483,0
955391,0
627421,1
677657,0
109807,0
2354,0
596661,0
697797,2
449687,0
89035,1
934819,0
474445,1
499061,1
222175,0
816137,0
958446,2
451394,0
988130,0
39619,0
531092,0
970953,1
6685,0
57260,-1
339478,0
854673,0
391664,0
105187,0
489312,2
605384,0
345792,0
498080,0
442883,0
366507,0
268424,0
548053,0
816356,1
319790,0
406053,0
749147,1
860970,0
848457,0
163149,1
133966,2
800062,0
702964,0
44870,0
370116,0
264,0
691694,-1
386234,-1
622990,1
761421,0
550240,0
18557,0
880977,1
900311,0
290640,1
834981,-1
805937,0
5660,1
937229,0
602273,0
756623,2
314251,1
859126,0
625840,1
628722,0
31683,0
637301,0
861106,0
962504,0
413768,0
509887,0
252731,0
795288,0
710479,1
174945,0
579830,2
229717,0
144271,0
379189,0
290199,0
200446,0
128390,0
699939,0
108841,0
312441,0
864148,2
950584,0
961196,0
685323,0
805401,2
698939,1
814000,0
58299,1
23273,0
995061,0
676193,0
546056,0
655182,0
69773,2
587608,0
17138,-1
280642,1
371093,0
779346,0
818106,0
318382,1
767509,1
777623,1
107387,0
130632,1
187272,0
566063,1
286832,0
63870,2
128230,0
197323,0
716749,0
957299,0
274019,1
203658,0
191203,1
267003,0
716822,1
375666,0
823132,-1
377725,1
18572,1
356855,0
105902,1
827866,0
478653,0
349139,0
68048,0
635269,0
363713,0
87799,0
915713,0
609213,0
1868,0
777800,1
574642,0
858064,0
638221,0
480115,0
596549,0
573227,0
667910,0
269505,1
681429,0
980390,0
904230,0
261374,1
889016,0
1873,0
427871,0
574530,0
602979,1
347948,0
282595,0
412481,0
380725,1
63535,1
734774,0
179529,1
633917,0
894682,0
158195,0
763806,-1
848639,0
194609,0
865198,1
565875,1
496725,0
953477,0
630968,1
737186,0
526033,0
404501,0
558384,0
904548,0
328893,0
455263,0
411075,0
370060,1
116665,0
432933,1
608567,1
908282,0
66979,0
599838,2
543212,-1
885689,0
443882,0
876929,0
887643,1
624540,2
34911,0
580022,0
198211,0
630440,0
542738,0
871903,0
716228,0
406230,1
668064,0
314274,0
257686,0
101227,0
25290,0
375891,0
34010,0
40365,0
853758,0
788125,0
213338,-1
180139,1
55654,0
834951,1
627875,1
251339,0
440126,1
272326,0
644600,0
398471,0
802594,1
573749,0
52505,2
434584,0
438631,0
427939,1
915148,0
860272,0
368060,0
774835,0
354242,2
570617,0
70495,0
135174,1
682907,0
372076,0
367591,0
815570,0
629181,0
829720,0
221249,1
819991,1
237193,0
541924,0
27354,1
91111,0
182572,0
84978,0
353319,0
760882,0
166329,2
640783,0
328610,0
7783,0
610090,-1
880345,0
259391,1
254046,0
483168,0
634613,2
794011,0
864337,1
804186,0
188819,0
133114,0
302105,0
879752,0
536387,0
193423,0
657857,0
380045,0
594314,0
570237,1
670097,0
918209,0
837336,0
74832,1
599202,0
345439,0
597691,0
623359,0
154926,0
543345,0
47506,0
968726,0
417810,0
143490,1
378655,2
946596,0
35342,0
622888,0
832165,1
192832,0
97549,0
495487,0
766048,1
939033,0
138800,0
228761,0
574754,1
626985,0
433348,0
192355,1
963107,0
999981,0
617958,-1
952959,1
959362,1
192609,0
66246,0
358555,0
813493,0
382756,1
199914,0
266290,0
553116,0
993994,0
660130,0
589516,1
46337,0
514759,1
162622,0
644185,0
739106,0
971561,0
659698,0
151215,1
416432,0
769917,-1
788844,0
492700,0
425952,0
235477,0
527302,0
958454,1
602185,0
532355,0
421607,0
479614,0
438859,0
543088,0
462257,0
590371,0
10969,0
589424,0
464478,0
429596,0
798448,0
23909,0
376272,0
923193,0
823747,1
457355,1
347052,0
66502,-1
299715,0
312547,0
826591,0
230066,0
907342,2
185909,0
964603,1
652858,0
673484,0
659850,1
325061,0
91808,-1
123801,2
513943,0
860175,0
815056,0
486326,0
855450,0
240653,-1
757775,0
650557,0
610842,0
399725,0
348551,-1
83045,2
70637,0
237678,0
222133,0
865701,0
68152,0
767679,0
389088,0
575093,2
755276,0
125235,0
117833,0
850199,0
665252,1
354103,2
85482,-1
96215,0
420392,2
836749,1
96112,0
442655,1
493632,1
250104,0
431638,1
260943,0
28195,0
228403,1
434759,0
609858,0
726626,0
836744,0
387382,0
566453,0
43761,0
815572,1
127076,-1
350807,0
37942,1
367769,0
374290,0
181464,-1
806379,0
61948,0
531906,1
658791,0
322278,0
901920,0
963328,0
405596,0
11922,1
74085,0
616402,0
280716,2
798339,1
133412,0
739578,1
480835,0
529150,1
174969,2
278166,0
773548,1
737855,0
410542,0
211669,0
423622,2
708256,0
448983,0
186031,1
169019,0
101779,0
650180,1
926550,0
138491,0
391450,0
934166,0
697839,1
720023,0
971780,0
748213,0
926054,0
308665,0
210959,0
757381,0
519967,0
517695,0
828619,0
786684,0
654141,0
26799,1
291929,0
482170,0
853745,0
300939,2
510814,0
167713,0
265139,0
155267,0
228872,1
384335,0
813193,0
38282,2
183876,1
720812,1
109534,0
259492,0
246290,0
763749,0
642286,0
867952,0
8216,0
320110,0
21464,0
310567,0
615005,0
53859,0
297063,0
264190,0
443998,0
757742,0
754862,0
725854,0
890956,0
321055,0
634254,1
235754,2
558955,0
65287,0
484377,0
10455,0
286352,0
113454,1
461270,0
488570,1
887186,0
758368,0
814188,0
8804,0
919559,0
902551,0
836655,0
259266,0
843290,0
89878,0
177737,1
709915,0
538854,0
916160,0
226541,0
138347,0
189907,0
835957,1
2453,1
288234,0
892628,0
347594,0
235588,1
468709,-1
475853,0
508767,0
141974,0
505807,0
966179,-1
800564,0
897987,-1
566665,0
31082,0
893407,0
497793,1
271869,0
952902,1
249204,0
425573,0
857643,0
970991,0
820814,1
771165,1
522475,1
134378,-1
208843,0
781292,0
488788,1
56755,1
677231,2
430403,0
492666,0
690704,0
86820,0
729700,0
910595,0
627411,-1
544675,0
236936,0
707145,0
723320,0
534852,0
585851,0
789872,0
489844,0
626956,0
520654,0
466279,0
615839,1
340614,1
578623,0
986836,-1
699946,0
491981,1
302985,0
821321,0
872096,0
83112,1
916902,0
74318,1
41781,1
108426,0
540514,0
350015,0
504130,0
569630,0
48076,0
582428,0
678581,0
933542,0
204455,0
483251,-1
101551,0
596456,0
98551,0
136985,0
378502,1
661017,1
631081,0
397495,0
429301,1
653053,0
873776,-1
85162,0
721865,0
142098,0
957871,0
885270,2
63750,1
258944,0
86728,0
70534,0
790364,1
643306,0
298528,-1
240070,-1
445578,0
678471,0
112618,0
838761,0
604353,0
355764,-1
829347,0
157025,0
528161,0
439782,0
412030,0
764877,0
53914,0
197159,0
87861,0
626983,0
852887,1
130659,1
532269,0
721124,1
207930,0
555759,2
971279,1
303159,0
507693,0
465871,0
934290,1
182683,0
825197,0
436717,0
866022,1
113016,0
244750,0
502527,1
162559,0
463464,0
763405,0
18702,1
238567,2
704788,-1
651389,0
744950,0
129143,0
384556,0
76106,0
256890,0
520293,0
889555,-1
746129,0
427951,0
731007,0
429288,0
20860,0
993045,0
176478,0
895762,0
569333,0
212305,0
725658,0
728982,-1
933352,1
484356,1
255786,0
829635,0
334593,0
188684,1
815072,0
442122,0
36020,0
421230,0
627623,0
980821,0
781008,0
645631,0
163845,2
949415,2
284280,0
961923,1
138561,1
935550,0
832262,-1
712116,0
713337,0
784039,1
702165,0
738465,0
132050,0
499967,0
367567,0
623626,0
825528,0
375901,1
810713,0
712277,0
102007,0
187527,0
378155,0
634492,1
675346,1
901159,0
466180,1
915897,2
804521,-1
145454,0
178673,0
617471,0
875322,1
129150,0
622678,0
21744,1
704991,1
519115,0
380592,2
268542,0
291316,1
338268,0
239293,0
531330,0
300066,1
50540,1
113908,0
585990,-1
752092,0
79291,1
347916,0
864940,0
7787,1
629207,0
575917,0
432436,-1
597885,0
173756,0
867822,0
278415,0
528119,0
118755,0
356576,0
748080,-1
51429,0
698409,0
388085,0
307283,0
704405,1
812733,0
717339,2
293579,0
406738,-1
228132,0
286368,0
577734,0
135143,1
620854,0
369683,0
323400,0
417301,1
436059,0
721249,0
773767,0
333656,0
568768,0
43272,-1
938568,0
172948,1
983276,0
803312,0
76720,1
511620,0
512613,0
984860,0
95573,1
850914,0
482213,0
269621,0
193531,0
595368,1
107866,1
469303,0
818727,2
635858,2
965686,0
299643,0
624867,0
304109,0
88015,0
26930,0
764165,0
830407,0
533945,2
832256,0
730474,0
142120,0
52465,0
970804,0
415836,0
605423,0
472333,0
248830,0
47690,0
816723,-1
278217,0
204745,0
100347,1
17989,0
385330,0
659215,0
575962,-1
41877,0
147107,0
12509,0
873931,0
961460,0
991948,0
882799,0
597075,-1
397560,0
922131,0
516390,0
36679,2
355749,0
111961,0
333377,0
519677,1
292196,0
200571,0
532693,0
696374,0
36398,0
963871,0
760952,0
507103,0
243383,0
51662,2
788143,-1
193781,0
102407,0
76051,0
41988,0
29210,0
733080,1
985373,0
872691,0
49560,0
198799,0
601351,0
767895,0
88166,0
272120,0
761653,1
439734,0
225986,1
271947,0
20794,-1
172350,0
93349,0
207577,1
193393,0
919838,1
303267,1
215238,1
753001,0
860932,1
731781,0
772579,0
945782,0
565594,0
668399,1
187894,2
24733,1
127237,0
57546,1
813037,0
365946,0
486202,0
226177,0
83339,0
475772,0
733562,0
672377,2
325473,-1
960228,0
338453,0
303865,1
984308,0
176390,-1
110266,0
723823,0
713426,0
65837,0
959568,0
259915,0
414319,2
734239,0
951585,0
991551,1
538053,0
159032,-1
760242,0
511303,0
205139,-1
713411,0
404299,0
520934,0
962258,0
589683,0
879487,0
595853,0
893537,0
510701,0
506168,0
935401,0
172217,0
107737,0
843898,0
75963,0
792583,0
788850,0
171453,0
721682,0
504393,0
457122,0
967876,1
778564,0
384288,0
918649,2
932202,0
596826,0
533476,0
510491,1
542316,0
994967,0
19929,1
600094,2
415619,0
954438,1
68040,0
621500,0
219085,0
511936,1
24310,1
92102,0
606534,0
71316,1
680063,0
322709,1
489062,0
508651,0
727703,0
4932,1
962717,0
261801,0
235490,0
526141,0
464597,0
402932,0
874966,0
38647,0
874952,0
45839,0
11704,0
415601,0
62116,0
857982,0
270552,0
916824,0
195763,0
580302,1
746004,0
21524,2
756045,0
291523,1
168193,0
951740,1
719914,0
221414,0
46653,1
682720,0
358950,0
287098,0
98062,0
129794,0
881908,0
346851,1
420600,0
496637,1
184565,0
806189,0
309088,0
377531,1
767728,0
366827,0
268773,0
434121,0
416182,0
768348,0
451039,0
141243,0
400389,1
984894,1
844684,-1
413599,1
366303,0
934357,1
710000,0
76567,1
273418,0
169343,0
158615,0
568416,-1
529243,0
951670,1
163851,0
111020,0
222806,0
504194,0
403341,0
409964,1
164886,0
575926,0
50353,0
511508,-1
824922,0
306457,0
791734,0
320087,0
389556,1
7867,0
266834,1
297246,0
972720,0
832558,0
973815,0
121239,0
173190,0
347349,0
801067,0
554970,1
942489,0
318547,0
433231,0
214255,0
964352,0
296345,0
369301,2
786938,0
248151,0
706539,0
243277,0
1848,1
988928,0
829412,1
876162,0
983975,0
920807,1
857409,1
642964,0
740115,0
287561,0
65414,0
115578,0
996029,0
530221,0
390917,1
879745,1
664859,0
29179,1
329827,0
76057,0
815249,0
516224,0
879490,1
870513,0
447999,0
282117,1
551584,0
896735,1
378299,1
362462,1
817340,0
339234,0
384300,0
372535,1
481501,0
22762,0
485119,0
960924,1
1286,1
484608,0
96406,0
119877,1
704187,0
639303,0
226794,0
466728,0
267290,0
197811,0
192879,0
541183,0
268167,1
222652,0
389701,0
778178,0
899742,2
611148,0
412287,0
154379,1
337433,0
4992,0
952134,0
614950,0
433589,2
431329,-1
973104,2
345041,0
9154,0
159443,0
328167,0
410690,0
560172,1
475421,1
693871,0
765176,0
473084,0
948517,0
614570,-1
240361,0
179722,1
221023,2
147626,0
82010,0
660216,2
954078,0
201149,0
362596,0
306287,0
480623,0
83287,1
860488,0
659668,0
443467,0
401669,0
605414,0
411340,1
6215,0
34173,0
927611,0
417370,0
829063,0
955137,0
974180,0
513478,1
63637,0
3608,1
143481,2
279637,0
12633,0
91354,0
456539,0
103459,0
724466,0
917465,-1
677645,-1
625671,0
368134,0
418287,1
830297,0
850990,0
99241,1
713539,0
776332,0
611692,0
378145,0
692646,1
551222,-1
41841,0
676647,2
964118,0
829668,0
416481,-1
585188,0
119077,0
122135,0
541838,0
176060,0
864487,0
751214,0
219125,0
660479,0
490868,-1
826967,0
129768,0
750892,0
720402,-1
453224,0
704902,0
796499,0
533138,0
751954,0
654466,0
379806,1
584321,1
21580,0
628187,0
604103,0
324896,0
403714,0
679294,2
288757,0
885811,0
87060,0
226855,1
208873,1
385795,0
36354,0
231516,0
898881,0
439774,0
41702,0
697039,1
118268,1
230412,2
401943,0
317235,2
190442,0
324957,0
211902,0
719624,0
422031,0
941377,0
125441,0
242012,-1
242306,0
342079,0
656786,0
665159,0
449945,1
879883,0
749307,0
66606,0
635824,0
810058,0
281353,0
708472,0
819973,-1
867318,2
608853,1
972226,0
800498,0
793922,0
198481,0
252111,1
325911,1
485103,1
672238,0
18275,0
144361,0
995474,0
392717,0
308265,0
39492,0
69444,0
12457,0
212664,0
816340,1
606236,0
194914,0
216293,2
303599,0
343159,0
206331,0
524269,0
434114,0
86292,0
987282,1
562537,0
404732,0
764897,0
816811,-1
377492,0
46126,0
637184,0
432808,0
314173,1
515732,0
838114,-1
66701,0
621746,1
266646,0
560557,0
793372,0
913750,2
139199,0
420137,0
292903,0
651987,0
157858,0
270569,2
362026,0
443999,0
588978,0
211628,1
609004,0
482845,0
598339,0
943724,0
794232,0
272594,2
899087,0
429784,1
760840,0
28149,0
808742,1
150908,1
768682,-1
820329,1
173226,0
259838,0
368871,1
855825,0
786513,0
156853,0
789157,2
5991,0
734105,0
30992,0
467775,0
111368,0
973179,0
861404,-1
95859,0
640918,0
222268,0
715936,0
615609,0
964807,2
950784,0
754178,0
897363,-1
389753,0
968374,1
610718,0
821120,0
792286,0
306378,1
944027,0
672988,0
926873,0
576218,2
614007,-1
548378,0
768017,0
654397,0
235861,0
391370,0
186071,0
824006,-1
663965,0
823710,0
378005,0
730502,0
314573,0
385871,-1
434233,0
802739,0
521973,0
875614,0
307688,0
331041,0
901681,0
465021,0
247820,1
203128,0
229310,1
227668,2
970187,0
948579,0
240077,-1
792835,1
541891,0
376905,1
420718,0
462840,1
88860,0
83832,0
739920,-1
787253,1
105649,0
4602,1
765248,0
112884,1
732506,0
666883,0
539233,0
715698,-1
694079,0
6025,1
422546,0
926173,0
303801,0
179173,0
339152,1
225522,-1
277373,1
413184,1
607498,0
811297,0
72944,0
868808,-1
668850,0
394292,2
222476,0
571858,0
676920,0
171213,0
231952,0
644763,1
711281,1
329512,0
351285,0
780051,0
494771,1
276685,0
458846,0
5049,0
966777,0
610678,0
821446,0
987377,1
766106,-1
169484,0
260149,1
593061,0
734995,0
209613,0
626252,2
667510,1
743735,1
805447,1
323315,0
568282,0
637648,0
84755,1
755282,1
704830,0
396421,0
479893,-1
959482,0
970686,1
221268,1
144987,0
937007,1
325308,0
550486,0
583351,0
737106,0
6394,0
867691,1
786510,0
157931,0
532896,0
826598,0
799476,1
776730,0
880076,0
278774,0
144722,0
821217,0
457259,1
39408,-1
464147,0
693720,1
401381,0
382649,2
327761,-1
999519,1
109855,0
139161,1
573474,0
276329,0
191012,1
338409,2
598434,0
318459,0
285434,0
296356,0
162435,0
476311,0
603693,0
909464,0
183481,0
749966,0
642063,0
191936,1
516300,1
201656,0
689131,0
210664,0
715905,0
546018,1
316131,0
780104,0
941293,0
966698,0
331959,0
675148,-1
495010,0
785573,1
992003,0
292482,0
316399,0
207963,0
915900,1
656892,0
295105,0
36492,0
597849,0
473441,0
576935,0
840716,0
777967,0
974517,0
832211,0
423131,-1
836914,0
82167,0
969815,0
804703,0
457817,0
685085,-1
646257,0
624130,0
582559,0
423169,0
657337,0
88960,0
269970,0
105374,0
482268,0
782859,0
592629,2
336497,0
57312,0
402798,0
324231,0
58998,0
922240,0
724277,0
122922,0
592514,0
77165,0
468630,0
621373,0
398635,1
559697,-1
214414,0
619976,0
455298,0
660578,0
643036,0
913457,0
287368,0
813930,0
307025,1
551415,1
689333,0
611269,0
935392,0
897868,0
236645,0
77481,0
618553,1
633595,-1
655062,0
699074,-1
195308,0
595210,-1
945743,1
191854,-1
987819,0
397016,0
308507,1
43551,0
240695,0
286168,0
915509,0
869683,0
295238,0
273952,0
584394,0
195900,0
715663,0
851063,1
393719,1
285491,1
474768,0
988237,1
422929,1
531642,0
245695,2
879694,1
420847,0
442565,0
232430,0
398214,0
394365,0
426338,0
330020,0
785007,0
972338,2
942593,0
961346,-1
764846,0
669522,0
319959,0
181107,1
408404,0
523048,1
101999,0
172983,1
671524,0
849739,-1
346827,0
476615,0
895125,0
92275,0
784034,1
463466,0
541545,0
229217,0
486638,0
318073,0
238027,0
123946,0
926635,0
957341,0
331416,0
912415,0
737710,0
123939,0
197071,0
355991,1
939791,0
35780,1
238540,0
578043,2
559830,0
663080,0
637989,0
609853,0
688250,2
573526,0
122197,0
698843,0
978695,0
276003,0
180966,0
640355,0
528396,1
838575,1
224086,0
25107,0
941017,0
83294,0
488157,-1
280143,0
234739,2
580721,0
907765,0
556068,1
212700,0
353721,0
675982,1
339284,0
191301,0
168885,0
732303,0
793043,0
699639,-1
312517,-1
352208,0
266989,0
901063,0
675882,1
320560,2
245351,0
522325,0
703585,0
641049,0
45110,2
414797,0
269667,0
242813,1
367599,0
654104,1
894232,1
287449,0
573969,0
573083,-1
543358,0
672556,0
761778,1
790474,0
576012,0
391509,2
766952,0
37858,1
703952,0
840146,0
317102,2
663313,0
350256,0
302864,0
950748,2
559829,0
316929,0
885671,0
926884,0
151033,0
956089,1
578319,0
502372,1
55085,0
844569,0
657020,0
327419,1
774068,0
215327,2
53274,2
165384,1
216655,0
895964,0
658815,0
392139,1
303725,1
95260,1
29266,0
941438,-1
786762,1
687815,2
58178,0
892211,0
38872,1
6715,0
115420,0
564035,0
655450,0
536531,0
558684,1
521553,-1
702061,0
270836,1
579324,1
186889,0
813889,0
864478,0
879657,0
748146,1
273325,0
52520,0
620251,0
967986,2
255772,0
124459,1
778658,0
730026,-1
524315,0
808795,1
410560,0
736913,0
585868,2
860621,0
911013,0
350251,0
583294,1
237397,0
810871,0
302920,0
826197,0
552138,-1
948170,0
734002,0
381149,0
87066,0
393025,0
242100,-1
73720,0
248576,0
757481,-1
949825,0
122392,0
454520,0
246599,0
587755,0
696011,0
702158,1
577157,0
779146,0
361064,0
568478,0
293138,0
886852,0
641390,0
309204,2
861978,0
65678,0
37161,0
44459,0
212306,1
15931,0
839468,1
206409,1
80465,0
902010,1
184219,0
45607,0
337771,1
89645,0
414134,0
357355,0
783782,2
537334,0
818133,0
314957,0
793240,2
903549,0
505388,1
903516,0
830608,1
708649,0
699265,-1
199279,0
423050,0
84479,0
692437,0
511157,0
134111,0
457774,0
444789,0
28139,0
532892,0
896668,0
807831,0
566437,0
122276,1
330625,0
459982,0
37020,0
248792,2
67871,1
818267,0
899530,0
598012,2
105391,0
734981,0
194458,1
525857,1
299185,1
303968,0
623420,0
491902,0
405671,0
283285,2
314315,0
342649,0
811594,0
877953,0
250020,2
482420,0
811970,0
410045,0
768287,0
10140,0
381026,0
824589,-1
566239,0
168376,1
925405,0
175224,0
761939,-1
701364,2
634818,0
691110,0
386807,1
885006,0
486755,0
335914,0
961423,0
48070,1
86376,0
857017,0
70184,0
808139,2
348386,0
924242,0
686843,0
49160,2
302490,0
183669,0
945556,0
664348,0
556462,0
643411,1
428375,1
855864,1
566490,1
830535,0
382,0
373785,0
734921,1
171713,1
556800,0
88973,1
658337,0
4709,1
877084,0
445620,0
270537,0
703375,0
46873,0
899754,-1
795861,0
812551,0
535591,0
80055,0
570775,0
607294,1
346257,0
834872,0
214043,0
613413,0
1960,0
591346,0
716050,0
449744,0
746121,0
576177,1
742262,0
603256,0
995594,1
491003,0
258024,1
132811,0
739061,0
515952,0
622935,0
448716,0
357570,0
459647,0
694067,0
342342,0
458106,1
943571,1
592617,0
847809,0
676499,0
393921,0
307201,2
814178,0
33055,0
316616,0
246745,1
28308,0
793207,0
334667,1
805610,-1
747215,0
124201,0
360821,0
461119,0
301741,0
491775,-1
930852,0
208706,0
54869,0
62066,0
10993,0
629210,0
483522,0
810782,0
801097,0
117955,0
857587,0
756775,1
886329,0
629213,0
130697,1
412538,1
34139,0
149935,0
813785,0
74650,0
465837,1
353152,0
331104,0
56069,0
723413,0
243069,2
482844,0
516277,0
634035,0
331193,0
474759,0
488620,0
839352,0
391234,0
313648,0
659109,1
662221,0
296437,-1
193971,0
787920,1
535511,0
769581,0
349431,1
929265,0
795123,0
155398,0
725497,0
235678,0
369892,0
989976,0
685160,0
345451,0
875429,0
588854,0
398409,1
142668,1
868078,0
449764,0
194389,0
465891,0
861701,0
668682,0
859322,0
397319,-1
662170,2
447574,1
550614,0
434903,0
939644,0
629964,0
822224,0
372060,0
575133,2
996535,0
627536,0
773818,0
943559,0
910094,1
40552,0
949845,0
893456,0
799680,0
478024,0
249709,0
815643,0
10542,0
313029,1
551318,0
682768,0
541054,0
921977,0
40585,0
2551,0
3449,0
306708,0
33638,0
340490,0
371368,0
403307,0
443723,0
917808,0
109773,1
964844,0
875387,0
807641,0
190559,0
929097,0
216996,0
305367,-1
560286,0
643108,0
991972,0
65425,1
336322,0
126840,0
66121,1
619287,0
124378,0
587313,0
447439,0
699344,0
700265,0
201084,0
787460,0
772476,0
999493,0
649075,0
754715,0
20118,0
606310,0
629888,0
138102,0
966636,1
260253,1
837801,1
411449,1
46829,1
422748,0
703922,2
329328,1
604545,0
194969,0
386862,0
778479,0
25665,0
587685,1
154455,0
810205,1
429754,0
497142,0
332117,1
689977,0
15344,0
348067,0
445232,0
110434,0
23501,0
745898,0
348993,0
86112,0
847851,0
609103,1
839077,0
257291,1
529894,1
589853,1
916547,0
479855,0
715783,0
764927,0
784447,-1
862004,0
788502,0
905470,0
59972,1
558929,1
749131,0
33039,1
692983,0
456800,0
167743,0
206677,1
76347,0
975857,-1
900572,1
776019,2
315754,1
618247,1
854472,1
767416,0
824297,0
226628,2
384950,0
470743,0
628227,1
569901,0
183605,0
39796,-1
967810,0
842975,0
829262,0
43283,1
263778,0
544747,0
160865,0
870306,0
317941,0
242541,1
264786,0
502689,0
175518,-1
966995,1
58075,0
936594,0
945413,0
956383,0
796714,1
994587,0
855668,0
632029,1
99436,0
498187,0
459281,0
314913,0
343021,0
761759,0
9180,0
118420,0
144978,0
259239,1
597539,1
803311,0
678530,0
738379,0
784916,2
723261,0
520511,0
318150,0
347280,0
658258,1
834309,2
742929,0
957353,1
892508,1
629115,0
45783,-1
374554,2
533692,0
239498,0
31211,0
236762,0
499387,0
372368,0
264138,0
76328,0
114951,0
814831,-1
268297,1
87226,0
145525,0
742467,0
733277,0
556429,0
984662,0
863695,0
718856,-1
556202,0
458662,0
4008,0
65794,0
308686,0
77619,0
986237,0
536921,0
327880,0
519276,-1
344602,1
369696,0
183392,0
21776,0
103782,0
395442,0
528923,1
203021,0
210803,0
244909,0
201132,0
333838,0
242928,1
549548,0
971087,0
198173,0
507787,0
744350,0
989276,0
464956,1
825104,0
893902,0
790917,0
939067,0
44875,0
725908,1
162327,0
857432,1
512973,1
665155,0
481258,1
101492,2
282384,0
563804,-1
380930,0
63274,0
796774,0
642040,0
500526,0
671048,0
486218,1
511422,1
165759,0
645301,0
710223,0
990571,0
569637,0
721243,1
548509,0
274643,0
695145,0
255777,0
593154,0
502769,2
599372,0
579198,0
174276,-1
952316,0
146567,2
519007,0
497620,1
83071,2
316882,1
441233,0
534393,0
313809,0
515011,0
53376,0
449332,1
358684,0
910878,0
683328,0
632209,1
63394,0
258494,0
17146,0
113406,0
791872,0
30382,0
468651,0
807521,0
844696,0
37056,0
697676,-1
108031,0
863487,0
550647,1
872306,2
368994,-1
987129,0
293586,0
659119,0
489550,0
688476,2
557113,1
458344,0
343594,0
423020,1
3462,0
256331,0
182779,1
726997,0
839310,1
366691,1
793782,0
761451,0
529987,0
880139,1
907108,-1
95023,-1
340565,0
313583,0
91110,0
674536,1
725981,0
791988,0
10750,0
70886,-1
568043,0
148204,0
955877,1
710384,0
700357,0
403622,0
379890,0
214790,0
673915,0
599658,0
514363,1
12212,1
37585,1
269742,-1
561455,1
233339,2
734564,0
152162,0
652743,1
842866,2
829108,0
427747,0
385763,0
867962,0
584277,0
977469,0
4565,0
596205,0
106146,0
194447,0
935981,2
382689,0
877209,0
951367,1
886593,0
413497,1
168716,0
779455,0
209806,1
556990,0
55922,0
393562,0
980856,0
921808,0
463431,1
574520,0
116121,0
43620,0
941858,0
977028,0
127189,1
997627,0
146296,1
68755,1
969351,1
666496,0
742828,0
594821,0
248163,1
212783,0
530408,0
271077,-1
29116,0
97327,0
103934,1
5281,0
966764,0
833394,1
769034,0
427885,0
101015,0
135053,0
445073,0
594718,0
485337,0
652031,0
295823,0
898107,0
621822,0
593768,1
724899,0
87739,0
830073,0
142961,1
61106,0
221043,-1
696913,0
295268,0
753928,0
649950,0
238297,0
265204,0
19559,0
305511,0
992050,1
346418,1
82564,1
212312,0
150821,0
680282,1
711087,0
883893,1
360801,0
578270,0
788765,0
684593,2
177297,1
658714,1
946725,0
935871,0
453781,0
370318,0
702503,0
278400,0
944133,0
647470,0
475065,0
592615,2
579070,0
134505,0
642708,0
167603,0
555272,1
743195,0
959807,0
217024,0
443267,0
397017,0
596814,0
533952,0
800696,0
112363,0
988128,0
759592,1
684206,-1
159362,0
246328,0
304396,0
54264,1
908329,0
849716,2
424570,-1
133226,0
624182,1
847038,0
534999,1
514432,0
489534,1
417355,0
714692,2
250868,2
192977,1
645212,0
903171,0
214224,-1
332795,0
230188,0
957788,1
102140,0
574414,-1
471592,-1
782767,2
151657,0
324578,0
999173,0
741669,0
934059,1
219327,0
640084,-1
865195,0
577052,-1
507163,0
408984,0
639773,1
479385,0
169503,0
110462,0
251179,-1
969955,0
933588,0
365700,0
267452,0
797195,0
280489,0
149414,0
942202,1
603517,0
326443,-1
292224,0
521526,0
960021,0
806425,0
231162,0
568815,-1
966665,0
360405,0
495872,1
320667,2
66860,0
581466,0
248539,0
108857,0
644838,0
474280,0
787055,0
277933,0
273967,0
556307,0
807648,1
51870,0
94877,0
116574,0
399562,0
730487,1
951265,0
926505,0
170438,0
372720,-1
591257,0
165101,2
152577,0
288444,1
57552,0
643771,0
958204,0
320134,0
210202,0
120685,0
326563,0
265061,0
764221,0
177961,0
106628,0
282903,0
981255,0
697050,0
699241,1
646970,0
695251,0
832086,0
152329,0
561889,0
590212,0
914020,0
675260,-1
307271,0
738307,0
670025,0
140016,0
973171,1
732909,0
153191,1
716583,-1
422296,0
293089,1
134300,0
892921,2
465699,0
609512,0
580483,0
176298,0
884073,1
172648,1
395722,0
351392,0
721553,0
681784,1
385663,-1
844602,0
888673,0
976202,0
846688,0
954728,0
618950,0
762599,0
539961,0
550361,0
407571,0
656096,-1
378318,1
967793,0
75392,1
177800,0
408225,0
680118,0
297379,0
527068,0
434966,1
900632,0
130158,0
341406,0
522679,0
483207,0
221942,0
587012,0
441095,0
536195,0
43396,0
991333,0
542338,0
966161,1
209660,-1
653577,0
357971,0
407024,0
94220,1
638817,1
194215,0
856259,0
614917,0
621121,1
278551,1
106543,1
637263,0
868154,0
928749,0
311979,1
299209,0
838786,0
740050,0
618306,2
125116,1
943217,1
556335,0
522328,0
708449,0
76467,-1
713495,1
317157,0
874864,0
769447,2
723661,1
169776,0
341817,-1
279315,0
56671,0
586033,0
424489,0
670559,1
813882,1
743424,0
998561,0
35843,0
148459,2
141814,-1
899926,1
66867,0
249425,0
827222,0
933298,-1
717876,1
76495,0
170533,0
278,0
614316,0
215952,0
486044,0
565883,0
333596,0
774118,0
759320,0
729321,0
734928,0
996973,0
263240,0
967543,1
88271,0
51682,0
765829,0
526501,0
538022,0
464819,0
743385,0
352378,0
896685,0
344913,0
103328,0
317955,-1
323535,0
884118,0
907600,0
319388,1
94543,0
906238,0
166594,0
498008,0
20718,0
137232,0
576299,0
213588,0
745401,0
490678,0
407623,0
57607,0
874698,0
708834,0
698181,0
789444,0
846358,0
726457,0
721486,2
85593,1
612031,2
338459,1
11187,-1
64779,1
257851,1
222681,0
85769,2
491695,2
69652,0
978637,0
194315,1
842272,1
566358,0
836624,0
896889,0
928128,0
32619,1
4454,-1
300730,0
462746,1
18230,0
762818,0
786587,0
709164,-1
310079,0
300903,0
311755,0
52324,0
756349,0
360063,0
679442,0
121576,0
491908,2
660702,0
728978,0
849682,1
548683,0
277746,-1
912506,2
261231,0
481398,0
529619,0
864134,1
764226,0
257799,0
366010,0
578643,0
857669,0
478994,0
673788,0
836471,1
5195,0
744071,0
819993,0
105033,0
577219,0
451731,0
839701,2
873740,1
103273,0
829729,0
687709,0
975580,0
992939,0
755969,1
425274,0
449925,0
673834,0
242524,0
699239,0
964461,0
189638,0
440494,0
286814,1
947754,0
611158,0
930418,0
881582,0
321503,0
978268,1
90863,0
461856,0
159752,0
893413,-1
97582,0
70433,0
54251,0
202195,0
410018,0
505784,0
273223,1
886247,1
938271,0
943867,0
131809,0
617622,0
377222,-1
477261,0
640045,1
965900,2
19444,0
359565,0
608805,0
232495,0
123701,0
817217,0
635161,0
247020,0
617451,0
938781,0
30759,0
705452,1
349996,0
119394,0
896443,2
719233,2
607289,0
303795,0
123568,0
287032,0
914400,0
24611,0
441152,0
100465,0
257636,0
587932,0
323729,0
50830,0
599546,0
552116,1
878865,2
494211,0
803869,1
882581,0
535734,0
995446,0
318172,0
51166,0
801017,0
447285,0
735991,0
100505,0
72085,0
844827,0
204185,0
135358,0
265254,0
426503,0
226392,0
829793,1
822833,0
613321,1
789678,0
167452,0
134392,0
761645,0
265477,0
456308,1
928781,0
488311,0
637257,0
398134,0
291255,0
636686,0
691251,0
717856,1
921344,0
16525,0
738565,0
114799,0
64363,0
349755,0
709627,1
896596,0
126674,0
20322,1
344127,-1
380343,0
431495,0
666836,0
979256,0
522596,0
922437,0
936407,1
177547,0
854940,0
219086,0
285478,0
376394,1
278668,2
803944,0
919590,0
671551,0
944137,0
794925,0
756835,1
485914,0
60176,1
45335,0
155423,0
777221,1
302729,1
270476,0
564907,0
868071,1
511137,0
765166,0
686589,0
179460,0
979548,0
161158,0
122086,0
242717,0
820265,0
301262,2
548778,0
50847,0
816109,0
529955,0
223003,0
306003,0
670436,0
927913,0
797806,1
518697,0
320211,1
312148,0
703919,0
951694,0
78201,1
178353,1
856674,1
88796,0
763171,1
961797,1
331941,0
61059,0
228395,0
906839,0
796076,0
550181,0
584668,0
858574,0
397634,-1
774584,0
376780,0
571842,-1
598952,0
251053,0
156160,0
209792,1
623700,0
386349,0
975607,1
710461,0
414286,0
504386,0
615210,-1
686504,0
201360,0
477876,2
857523,1
65576,0
311290,0
354703,0
713717,0
3484,0
333986,0
433077,0
987845,0
487343,0
389631,0
349078,0
110116,0
853938,2
280471,0
528472,0
148108,1
344553,0
916759,-1
259516,0
961234,0
423634,0
857805,0
397365,2
857555,0
989563,0
288858,0
29623,1
296324,2
195452,0
89006,0
685999,0
953360,0
398016,-1
23380,0
858247,0
251406,0
892567,1
544308,0
736038,0
788588,0
422746,0
839256,0
151320,0
306785,0
847300,0
992698,0
659398,0
147593,0
145217,0
223963,0
810561,1
291291,0
703836,0
211575,0
238579,0
210624,0
819555,-1
558154,0
592357,0
276482,0
673932,0
995721,0
592147,0
773618,0
684165,0
350641,0
87764,0
272814,0
435767,0
62657,0
296443,1
263147,0
671827,0
928178,0
467586,0
755440,0
254496,-1
460932,-1
147670,1
569718,0
643831,0
886969,0
232075,1
109532,0
468568,1
4936,0
203154,0
27673,1
129667,0
98126,0
279960,0
417611,0
179502,0
649846,0
972392,0
690263,1
844854,0
64801,0
725765,0
500151,0
137665,0
327170,0
737240,0
835581,1
975161,0
76414,1
957883,2
946476,0
933294,0
854047,0
117233,0
270551,0
65083,0
202684,0
64863,2
390621,0
149562,0
292543,2
263451,0
40122,0
573893,1
774671,2
879851,0
86848,1
397160,1
475194,0
637080,0
740039,0
925132,0
629995,0
687834,0
869772,0
762016,1
926397,1
647788,0
562390,1
535086,0
424682,1
877815,2
696873,0
475889,0
31358,0
378750,0
444206,0
608581,0
728954,1
957113,1
801794,0
518225,-1
358103,1
680249,0
330131,0
639079,0
568837,1
674514,0
408712,0
751683,0
83788,0
870105,0
506017,0
990787,0
249793,0
500428,0
474046,0
285709,1
738823,1
713163,0
254402,0
784922,2
172957,2
152465,0
808051,1
485595,-1
907857,2
976351,0
890487,0
22342,-1
793794,0
397069,0
696234,1
446222,1
421398,2
133429,0
906252,1
414092,-1
921186,0
73317,0
750866,0
404488,0
217262,1
82084,0
178765,0
856902,0
128311,-1
28674,1
622104,0
530054,2
381560,0
98355,1
740344,0
138808,0
170089,0
226215,0
423833,0
369913,0
95896,0
97840,0
89084,1
239009,0
366412,0
851148,1
474593,1
633845,0
51545,0
278633,-1
39361,0
221510,2
66321,0
66661,0
613615,0
942704,0
15587,1
353103,0
271735,0
159461,0
807877,-1
934854,2
409387,0
203644,0
635192,0
772176,0
227248,0
319106,0
128668,1
731220,0
311826,0
808440,0
615105,0
723926,1
582734,0
520223,0
858352,0
606234,0
276096,0
254986,1
381775,1
592526,1
230347,0
61228,0
819339,0
995982,0
727863,0
186751,2
964719,0
125624,0
344973,0
949789,1
599330,0
265518,1
298147,0
226325,0
239874,0
301650,0
157290,1
345248,0
137668,0
387140,0
393316,0
940665,0
206952,0
541428,0
886796,0
546374,0
922849,0
857364,0
528773,-1
348027,0
534413,0
447525,0
607037,1
136714,2
698954,0
496231,0
112559,1
746719,1
56423,0
111610,0
59106,0
324423,1
903495,0
522578,0
330418,0
170036,0
811734,0
336133,0
61446,0
286684,0
86718,0
378434,0
95056,0
157217,0
678843,0
131307,1
531053,0
947694,1
759959,0
976235,0
772212,0
869188,0
7256,0
910026,0
970748,1
960297,0
487259,0
2648,1
93493,1
320569,0
435902,0
24812,0
709950,-1
191870,0
544288,0
599634,0
948396,1
628855,0
219705,1
76369,2
209707,0
529193,1
488505,0
649995,1
328227,0
734220,1
569724,0
617157,1
835618,0
497694,1
6641,0
791125,2
479666,0
232716,0
786460,0
492966,1
885363,0
346906,0
295934,0
650486,0
958263,0
939823,0
69802,0
264749,0
744004,0
903111,1
464048,0
353129,0
781817,0
105244,1
899313,0
421940,0
651955,0
966826,0
277192,0
557101,1
16077,0
788753,0
636671,0
209113,0
17873,1
263873,0
818047,-1
274518,0
137245,0
210901,-1
452172,0
814366,0
212158,0
90901,1
143454,0
761556,0
505773,0
601972,0
74231,0
815985,0
481732,0
627871,1
594469,1
350756,-1
269893,0
6511,0
436306,1
780075,1
143536,0
635339,0
904919,1
775083,2
201705,1
71322,0
718755,0
355397,1
7480,1
676361,0
27930,2
689435,0
6365,0
117872,1
303319,0
758069,0
519052,0
173245,0
906749,0
9631,1
186664,0
818801,0
610128,0
200984,0
946451,0
588728,0
132012,0
746803,0
684358,0
180750,1
997932,1
291282,1
865532,0
937154,0
272540,0
28014,0
54105,0
677318,0
142298,0
546152,0
131990,0
930247,0
405814,0
849259,-1
970178,2
775969,0
251906,0
209894,1
82633,0
216329,1
147245,0
375068,0
432029,0
681008,0
985356,0
83642,0
924379,2
474657,0
966145,0
943890,1
226367,0
60192,-1
893971,-1
418543,0
13358,1
520619,-1
321598,1
741056,1
936461,0
143146,-1
535965,0
281202,0
165837,0
613580,0
446237,0
897909,0
35072,0
334267,0
150295,0
414005,0
691449,0
586333,2
805955,0
994946,0
535234,0
990339,0
245539,0
142285,1
471258,0
181421,-1
804056,0
250453,2
422794,-1
896160,0
493299,0
579107,0
853420,0
661565,2
373413,0
962094,0
41812,0
504594,1
507593,0
210061,0
287454,1
536194,0
814693,0
400723,1
397613,0
609991,0
343360,0
519580,0
631971,0
468411,0
239916,0
937873,-1
562422,0
422498,0
88056,0
370179,1
729780,1
758644,0
965567,0
327049,0
973414,1
109041,0
457236,0
703005,-1
666461,0
200379,0
800041,0
645036,0
888342,0
308411,0
896890,1
346042,0
211349,0
719119,0
599794,0
710238,0
654615,1
744157,0
68991,0
62494,-1
119981,0
858023,1
470649,0
824428,1
499614,0
382254,0
927245,0
63744,1
175662,0
808354,0
859015,2
22385,1
245056,0
237976,0
884803,0
107153,2
467496,0
935108,0
835385,0
345228,0
656751,0
64369,1
822812,0
893774,1
300949,1
368266,1
762993,0
364409,1
165076,2
845006,1
482039,0
934736,0
964388,0
57305,0
955294,0
64942,0
339722,0
804326,0
196186,1
945210,1
910005,1
256047,0
684487,0
596984,1
100902,0
555448,0
972459,1
925684,0
331377,-1
326789,0
649869,1
447927,2
162757,0
121988,0
876900,0
428436,0
980099,0
469400,0
69303,0
901450,0
469091,0
107745,0
759608,0
105104,0
937094,0
505536,0
166852,0
955751,0
297133,1
840457,-1
246498,1
453796,0
752359,0
680137,1
651615,0
34294,0
566577,0
546774,0
672130,0
180963,1
894127,0
818501,1
57049,0
480533,0
249370,0
175803,0
390055,1
797992,0
720945,0
538702,0
526631,1
233659,1
288602,0
810965,-1
111100,0
528758,2
564829,0
538223,0
39918,0
128542,0
110687,1
198596,0
64585,0
586728,0
223741,0
753397,2
290174,0
542214,2
372837,0
288012,0
94780,0
964126,0
869801,-1
366133,1
702070,0
407850,0
681790,0
528548,1
830318,1
720943,0
355391,2
910133,0
644426,0
892393,0
147139,0
242092,0
337513,0
442543,0
331242,0
697685,-1
238142,2
639271,0
390876,0
892822,0
368716,0
391611,0
26366,0
830437,0
213126,0
421994,1
585939,0
475433,0
481193,0
388001,1
721285,2
395050,0
577469,0
211607,0
574907,0
805807,0
661405,0
767832,0
851400,-1
726350,0
826614,0
821952,0
468095,0
225454,1
937705,1
346504,0
372790,1
715616,0
281080,0
361431,0
434867,0
425309,0
698813,2
615023,0
641,1
937551,0
133842,0
252814,0
575434,0
242013,-1
206664,0
399851,0
104630,1
237325,2
814076,2
438092,0
902087,0
845881,0
93753,0
746802,0
545644,0
494858,0
744232,1
518375,0
673188,0
650394,0
579240,0
283548,0
964677,1
733088,0
795451,1
189822,1
554376,0
83587,0
77193,1
802848,0
258627,1
665792,0
322201,0
23535,0
630135,0
848949,0
802178,0
203862,0
239658,0
456223,0
586979,0
474632,0
651329,0
889489,0
725388,1
477844,0
376894,0
402248,1
310164,-1
130849,1
374093,0
481749,1
463808,0
288000,0
845217,0
757316,0
262230,1
167856,0
215975,0
182510,2
396184,1
449083,0
627919,0
944107,1
314291,0
907344,0
380697,1
374602,0
568728,0
32358,0
358751,-1
601169,0
563515,0
825374,0
401164,0
269512,2
736903,0
665185,0
703493,0
649176,0
89747,0
801434,0
750936,2
62996,1
197941,0
931726,0
999411,0
166179,0
415347,1
703334,0
535633,0
848046,-1
26885,0
656503,1
876235,0
253058,0
335901,0
486930,0
519709,1
751553,1
15916,0
876083,1
549489,1
484787,0
339205,0
293922,0
716370,0
121979,-1
355364,0
652890,0
736209,1
506571,0
874194,0
24852,0
960566,1
932863,0
329246,0
339552,0
175017,1
605037,0
910328,0
379922,0
620027,0
798220,1
378654,0
90310,1
660044,0
143190,0
350310,1
743542,0
66186,0
772331,1
205514,2
743938,1
534691,0
52110,0
179889,-1
921175,0
516392,2
967962,1
8838,0
192236,2
212983,0
203985,0
710768,0
524220,0
750797,0
964888,0
969489,-1
178619,0
704138,0
132174,1
46263,0
817449,1
870810,0
233755,0
609080,1
981674,0
417942,1
992917,0
84796,0
346872,0
631393,1
340881,0
216823,1
182348,0
567946,-1
141268,1
684612,2
687469,-1
702863,0
286035,1
284067,0
458157,0
834117,0
255010,0
797499,0
646377,0
940776,0
195519,0
993798,0
364112,1
197836,0
245546,0
365759,0
896324,0
351010,0
502504,2
332354,0
484950,0
37265,2
202025,0
886374,0
180486,0
687405,0
298447,0
9338,1
982971,0
328782,0
208788,0
477780,0
941588,-1
576611,0
947570,0
997910,0
74986,0
496365,0
502482,2
961810,-1
94242,0
183339,0
780613,0
658499,1
144485,1
485804,0
265961,1
974437,0
430035,1
906357,1
327332,0
460921,0
493471,-1
16241,-1
58712,0
816270,0
910551,0
771337,0
573204,0
367907,0
372518,0
639437,0
474666,2
648482,0
143860,0
114275,2
358451,0
576988,0
346022,0
533375,0
887942,0
643526,1
435200,1
73621,0
430733,1
187712,0
216777,0
236330,1
615817,2
279661,2
515797,0
846929,0
927705,1
337882,-1
651214,0
751056,0
248125,2
659759,0
44797,0
798117,0
638313,0
204555,0
540417,0
352057,0
799088,0
934720,0
529609,0
358662,0
704245,0
932974,0
531048,0
71743,-1
767345,0
530839,0
815047,2
128752,0
39654,0
132905,0
116459,0
165532,0
502758,0
284295,0
29769,0
818671,0
201465,0
663088,0
184683,0
281280,0
496917,0
229445,0
906993,0
734003,1
970888,0
75892,0
829171,0
487955,0
127968,0
274632,-1
731069,0
221632,0
769168,0
641285,1
454883,0
821566,0
314629,0
82988,0
696785,0
797805,0
525201,0
599152,0
466357,0
191679,0
777617,0
3581,0
176471,0
188510,0
852019,0
687573,1
1499,1
687976,0
815050,1
670948,1
321255,1
683149,0
157906,0
723426,1
977979,0
693058,1
917095,2
197950,0
812383,0
122505,0
913830,0
286098,0
76092,0
544534,1
370160,-1
527515,0
617472,0
177127,0
173098,0
328325,1
443275,0
662169,0
745784,0
877890,0
129486,0
57431,2
184494,2
653677,1
77414,1
766841,0
340443,0
331063,0
560136,0
791454,0
804182,0
996054,0
997577,0
678955,0
146227,0
299148,0
964213,2
703910,0
651805,0
360112,2
554929,0
460850,0
266567,1
988459,0
54960,2
262128,0
390911,0
663234,0
207607,1
166012,0
215025,0
819232,0
738464,0
152114,0
812759,0
249602,2
802862,-1
713304,0
577367,0
491349,0
652650,0
967930,0
900531,0
869994,0
677812,1
576783,1
401607,0
935016,0
743175,0
966359,0
208243,0
332009,0
486157,1
343615,0
462164,0
407405,0
931719,1
642445,0
940529,1
693850,0
846956,0
999669,0
256463,0
37534,0
930321,0
495749,0
363368,0
482774,2
968706,0
984473,0
537348,1
511380,0
74611,0
714843,0
83398,0
953071,2
644182,0
636836,0
591233,0
479785,0
366080,0
86880,0
285987,0
560727,0
248082,0
53406,-1
152769,1
953075,0
798231,0
596716,1
496433,1
68652,0
415102,0
247580,0
739680,0
467608,0
120848,0
799462,0
580292,0
943835,1
990402,0
955360,2
947963,0
784748,0
502914,0
365296,0
158992,0
471246,0
345671,0
687199,0
321723,0
174439,1
442391,0
750827,2
171801,1
165677,0
563428,0
464821,1
116432,0
204331,0
644706,0
305351,1
731500,1
17208,-1
19337,0
8755,0
133797,0
255140,0
627021,-1
914045,0
763365,-1
655183,0
773911,1
411123,0
125139,1
647348,0
335490,1
660005,0
612647,0
53118,0
402290,0
954816,0
285572,2
682172,0
229711,2
17840,0
959088,0
638708,0
940588,0
288271,0
961513,0
46205,0
27319,0
634943,0
895714,0
875167,1
78329,0
867455,0
470892,0
